[
  null,
  {
    "id": 1,
    "animationId": 0,
    "consumable": true,
    "damage": {
      "critical": false,
      "elementId": 0,
      "formula": "0",
      "type": 0,
      "variance": 20
    },
    "description": "",
    "effects": [],
    "hitType": 0,
    "iconIndex": 0,
    "itypeId": 1,
    "name": "-[ITENS DE BATALHA]-",
    "note": "",
    "occasion": 3,
    "price": 0,
    "repeats": 1,
    "scope": 7,
    "speed": 0,
    "successRate": 100,
    "tpGain": 0
  },
  {
    "id": 2,
    "animationId": 21,
    "consumable": true,
    "damage": {
      "critical": false,
      "elementId": 0,
      "formula": "0",
      "type": 0,
      "variance": 20
    },
    "description": "Bebida que cura 50% do HP de \\v[285].<br>Tem gosto azedo...",
    "effects": [
      {
        "code": 11,
        "dataId": 0,
        "value1": 0.5,
        "value2": 0
      }
    ],
    "hitType": 0,
    "iconIndex": 103,
    "itypeId": 1,
    "name": "Tônica Azeda",
    "note": "<action copy: skill:123>\n<Sort Priority: 1>\n<Japanese Translation>\n[name]:すっぱトニック\n[description]:\\v[285]のHPを50%回復するドリンク。<br>飲むとすっぱい...\n</Japanese Translation>",
    "occasion": 0,
    "price": 50,
    "repeats": 1,
    "scope": 7,
    "speed": 0,
    "successRate": 100,
    "tpGain": 0
  },
  {
    "id": 3,
    "animationId": 21,
    "consumable": true,
    "damage": {
      "critical": false,
      "elementId": 0,
      "formula": "0",
      "type": 0,
      "variance": 20
    },
    "description": "Bebida que cura 40% do HP de todos.\n<br>Faz você fazer uma careta de beijo quando você bebe!",
    "effects": [
      {
        "code": 11,
        "dataId": 0,
        "value1": 0.4,
        "value2": 0
      }
    ],
    "hitType": 0,
    "iconIndex": 104,
    "itypeId": 1,
    "name": "Tônica Super Azeda",
    "note": "<action copy: skill:122>\n<Sort Priority: 2>\n<Japanese Translation>\n[name]:めちゃすっぱトニック\n[description]:全員のHPを40%回復するドリンク。<br>飲むと口元がｷｭｰｰｰとすぼまる。\n</Japanese Translation>",
    "occasion": 0,
    "price": 0,
    "repeats": 1,
    "scope": 8,
    "speed": 0,
    "successRate": 100,
    "tpGain": 0
  },
  {
    "id": 4,
    "animationId": 34,
    "consumable": true,
    "damage": {
      "critical": false,
      "elementId": 0,
      "formula": "0",
      "type": 0,
      "variance": 20
    },
    "description": "Bebida que revive um \\i[1]KO'd \\v[283], restaurando 60% de seu HP. Tem sabor frutado!",
    "effects": [
      {
        "code": 22,
        "dataId": 1,
        "value1": 1,
        "value2": 0
      },
      {
        "code": 11,
        "dataId": 0,
        "value1": 0.6,
        "value2": 0
      },
      {
        "code": 44,
        "dataId": 311,
        "value1": 1,
        "value2": 0
      }
    ],
    "hitType": 0,
    "iconIndex": 108,
    "itypeId": 1,
    "name": "Água Artesanal",
    "note": "<action copy: skill:123>\n<Sort Priority: 3>\n<Japanese Translation>\n[name]:クラフト水\n[description]:\\i[1]ダウンした\\v[283]をHP 60%の状態で復活させるドリンク。フルーティーな味わい！\n</Japanese Translation>",
    "occasion": 0,
    "price": 0,
    "repeats": 1,
    "scope": 9,
    "speed": 0,
    "successRate": 100,
    "tpGain": 0
  },
  {
    "id": 5,
    "animationId": 62,
    "consumable": true,
    "damage": {
      "critical": false,
      "elementId": 0,
      "formula": "0",
      "type": 0,
      "variance": 20
    },
    "description": "Aumenta o ATAQUE de todos. O tempero vai te deixar forte!",
    "effects": [
      {
        "code": 21,
        "dataId": 6,
        "value1": 1,
        "value2": 0
      },
      {
        "code": 22,
        "dataId": 16,
        "value1": 1,
        "value2": 0
      }
    ],
    "hitType": 0,
    "iconIndex": 107,
    "itypeId": 1,
    "name": "Suco de pimenta",
    "note": "<action copy: skill:122>\n<Sort Priority: 4>\n<Japanese Translation>\n[name]:こしょうジュース\n[description]:全員の攻撃力をアップさせる。<br>スパイスは力の源！\n</Japanese Translation>",
    "occasion": 1,
    "price": 0,
    "repeats": 1,
    "scope": 8,
    "speed": 0,
    "successRate": 100,
    "tpGain": 0
  },
  {
    "id": 6,
    "animationId": 63,
    "consumable": true,
    "damage": {
      "critical": false,
      "elementId": 0,
      "formula": "0",
      "type": 0,
      "variance": 20
    },
    "description": "Aumenta a DEFESA de todos. <br>\nVocê sabia que o gengibre ajuda você a não ficar doente?",
    "effects": [
      {
        "code": 21,
        "dataId": 7,
        "value1": 1,
        "value2": 0
      },
      {
        "code": 22,
        "dataId": 17,
        "value1": 1,
        "value2": 0
      }
    ],
    "hitType": 0,
    "iconIndex": 107,
    "itypeId": 1,
    "name": "Suco de Gengibre",
    "note": "<action copy: skill:122>\n<Sort Priority: 4>\n<Japanese Translation>\n[name]:しょうがジュース\n[description]:全員の防御力をアップさせる。<br>ショウガは病気の予防にもなるって知ってた？\n</Japanese Translation>",
    "occasion": 1,
    "price": 0,
    "repeats": 1,
    "scope": 8,
    "speed": 0,
    "successRate": 100,
    "tpGain": 0
  },
  {
    "id": 7,
    "animationId": 64,
    "consumable": true,
    "damage": {
      "critical": false,
      "elementId": 0,
      "formula": "0",
      "type": 0,
      "variance": 20
    },
    "description": "Torna todos MAIS RÁPIDOS. Aparentemente, este é um jogo de palavras divertido em alguns idiomas...",
    "effects": [
      {
        "code": 21,
        "dataId": 10,
        "value1": 1,
        "value2": 0
      },
      {
        "code": 22,
        "dataId": 18,
        "value1": 1,
        "value2": 0
      },
      {
        "code": 22,
        "dataId": 24,
        "value1": 1,
        "value2": 0
      }
    ],
    "hitType": 0,
    "iconIndex": 107,
    "itypeId": 1,
    "name": "Suco de tomilho",
    "note": "<action copy: skill:122>\n<Sort Priority: 4>\n<Japanese Translation>\n[name]:タイムジュース\n[description]:全員の身のこなしが素早くなる。<br>タイムの葉で時間を短縮。タイムだけに...\n</Japanese Translation>",
    "occasion": 1,
    "price": 0,
    "repeats": 1,
    "scope": 8,
    "speed": 0,
    "successRate": 100,
    "tpGain": 0
  },
  {
    "id": 8,
    "animationId": 0,
    "consumable": true,
    "damage": {
      "critical": false,
      "elementId": 0,
      "formula": "0",
      "type": 0,
      "variance": 20
    },
    "description": "",
    "effects": [],
    "hitType": 0,
    "iconIndex": 0,
    "itypeId": 1,
    "name": "",
    "note": "",
    "occasion": 0,
    "price": 0,
    "repeats": 1,
    "scope": 7,
    "speed": 0,
    "successRate": 100,
    "tpGain": 0
  },
  {
    "id": 9,
    "animationId": 21,
    "consumable": true,
    "damage": {
      "critical": false,
      "elementId": 0,
      "formula": "0",
      "type": 0,
      "variance": 20
    },
    "description": "Bebida que recupera completamente o HP. Tem um gosto doce! Tão doce!",
    "effects": [
      {
        "code": 11,
        "dataId": 0,
        "value1": 1,
        "value2": 0
      }
    ],
    "hitType": 0,
    "iconIndex": 105,
    "itypeId": 1,
    "name": "Doce Tônico",
    "note": "<action copy: skill:123>\n<Sort Priority: 1>\n<Japanese Translation>\n[name]:甘トニック\n[description]:\\v[285]のHPを完全回復させるドリンク。甘い！ とても甘い！\n</Japanese Translation>",
    "occasion": 0,
    "price": 50,
    "repeats": 1,
    "scope": 7,
    "speed": 0,
    "successRate": 100,
    "tpGain": 0
  },
  {
    "id": 10,
    "animationId": 21,
    "consumable": true,
    "damage": {
      "critical": false,
      "elementId": 0,
      "formula": "0",
      "type": 0,
      "variance": 20
    },
    "description": "Bebida que cura completamente o HP de todos.\n<br>Faz você sorrir quando você bebe!",
    "effects": [
      {
        "code": 11,
        "dataId": 0,
        "value1": 1,
        "value2": 0
      }
    ],
    "hitType": 0,
    "iconIndex": 106,
    "itypeId": 1,
    "name": "Tônico Super Doce",
    "note": "<action copy: skill:122>\n<Sort Priority: 2>\n<Japanese Translation>\n[name]:めちゃ甘トニック\n[description]:全員のHPを完全回復させるドリンク。<br>飲むと思わず笑顔になる！\n</Japanese Translation>",
    "occasion": 0,
    "price": 0,
    "repeats": 1,
    "scope": 8,
    "speed": 0,
    "successRate": 100,
    "tpGain": 0
  },
  {
    "id": 11,
    "animationId": 69,
    "consumable": true,
    "damage": {
      "critical": false,
      "elementId": 0,
      "formula": "0",
      "type": 0,
      "variance": 20
    },
    "description": "Bebida que reduz todos os \\v[285] \\i[6]COOLDOWNS da habilidade de artesanato em 6. Tão salgado?!?",
    "effects": [],
    "hitType": 0,
    "iconIndex": 109,
    "itypeId": 1,
    "name": "Caldo Salgado",
    "note": "<action copy: skill:123>\n<Sort Priority: 3>\n<Global Cooldown: -6>\n<Japanese Translation>\n[name]:しょっぱスープ\n[description]:\\v[285]のクラフトスキルの\\i[6]クールダウンを6ターン短縮する飲み物。しょっぱすぎる？！？\n</Japanese Translation>",
    "occasion": 0,
    "price": 50,
    "repeats": 1,
    "scope": 7,
    "speed": 0,
    "successRate": 100,
    "tpGain": 0
  },
  {
    "id": 12,
    "animationId": 0,
    "consumable": false,
    "damage": {
      "critical": false,
      "elementId": 0,
      "formula": "0",
      "type": 0,
      "variance": 20
    },
    "description": "Para usar em você mesmo.",
    "effects": [
      {
        "code": 21,
        "dataId": 80,
        "value1": 1,
        "value2": 0
      },
      {
        "code": 44,
        "dataId": 67,
        "value1": 1,
        "value2": 0
      }
    ],
    "hitType": 0,
    "iconIndex": 96,
    "itypeId": 1,
    "name": "Sua adaga",
    "note": "<Sort Priority: 10>\n<noq>\n<setup action>\n</setup action>\n\n<Enable Requirements>\nActor: 1, 6\n</Enable Requirements>\n<Japanese Translation>\n[name]:シフランのダガー\n[description]:これで自分自身を...\n</Japanese Translation>",
    "occasion": 0,
    "price": 0,
    "repeats": 1,
    "scope": 11,
    "speed": 0,
    "successRate": 100,
    "tpGain": 0
  },
  {
    "id": 13,
    "animationId": 0,
    "consumable": true,
    "damage": {
      "critical": false,
      "elementId": 0,
      "formula": "3333",
      "type": 0,
      "variance": 20
    },
    "description": "É uma bomba!!! Use-o uma vez para causar grandes danos.",
    "effects": [
      {
        "code": 44,
        "dataId": 186,
        "value1": 1,
        "value2": 0
      }
    ],
    "hitType": 0,
    "iconIndex": 110,
    "itypeId": 1,
    "name": "Bombear",
    "note": "<Sort Priority: 9>\n<Japanese Translation>\n[name]:爆弾\n[description]:爆弾だ！ 一度使えば大ダメージを与えられる。\n</Japanese Translation>",
    "occasion": 1,
    "price": 50,
    "repeats": 1,
    "scope": 2,
    "speed": 0,
    "successRate": 100,
    "tpGain": 0
  },
  {
    "id": 14,
    "animationId": 0,
    "consumable": true,
    "damage": {
      "critical": false,
      "elementId": 0,
      "formula": "0",
      "type": 0,
      "variance": 20
    },
    "description": "",
    "effects": [],
    "hitType": 0,
    "iconIndex": 0,
    "itypeId": 1,
    "name": "",
    "note": "",
    "occasion": 0,
    "price": 0,
    "repeats": 1,
    "scope": 7,
    "speed": 0,
    "successRate": 100,
    "tpGain": 0
  },
  {
    "id": 15,
    "animationId": 0,
    "consumable": true,
    "damage": {
      "critical": false,
      "elementId": 0,
      "formula": "0",
      "type": 0,
      "variance": 20
    },
    "description": "",
    "effects": [],
    "hitType": 0,
    "iconIndex": 0,
    "itypeId": 1,
    "name": "",
    "note": "",
    "occasion": 0,
    "price": 0,
    "repeats": 1,
    "scope": 7,
    "speed": 0,
    "successRate": 100,
    "tpGain": 0
  },
  {
    "id": 16,
    "animationId": 0,
    "consumable": true,
    "damage": {
      "critical": false,
      "elementId": 0,
      "formula": "0",
      "type": 0,
      "variance": 20
    },
    "description": "",
    "effects": [],
    "hitType": 0,
    "iconIndex": 0,
    "itypeId": 1,
    "name": "",
    "note": "",
    "occasion": 0,
    "price": 0,
    "repeats": 1,
    "scope": 7,
    "speed": 0,
    "successRate": 100,
    "tpGain": 0
  },
  {
    "id": 17,
    "animationId": 0,
    "consumable": true,
    "damage": {
      "critical": false,
      "elementId": 0,
      "formula": "0",
      "type": 0,
      "variance": 20
    },
    "description": "",
    "effects": [],
    "hitType": 0,
    "iconIndex": 0,
    "itypeId": 1,
    "name": "",
    "note": "",
    "occasion": 0,
    "price": 0,
    "repeats": 1,
    "scope": 7,
    "speed": 0,
    "successRate": 100,
    "tpGain": 0
  },
  {
    "id": 18,
    "animationId": 0,
    "consumable": true,
    "damage": {
      "critical": false,
      "elementId": 0,
      "formula": "0",
      "type": 0,
      "variance": 20
    },
    "description": "",
    "effects": [],
    "hitType": 0,
    "iconIndex": 0,
    "itypeId": 1,
    "name": "",
    "note": "",
    "occasion": 0,
    "price": 0,
    "repeats": 1,
    "scope": 7,
    "speed": 0,
    "successRate": 100,
    "tpGain": 0
  },
  {
    "id": 19,
    "animationId": 0,
    "consumable": true,
    "damage": {
      "critical": false,
      "elementId": 0,
      "formula": "0",
      "type": 0,
      "variance": 20
    },
    "description": "",
    "effects": [],
    "hitType": 0,
    "iconIndex": 0,
    "itypeId": 1,
    "name": "",
    "note": "",
    "occasion": 0,
    "price": 0,
    "repeats": 1,
    "scope": 7,
    "speed": 0,
    "successRate": 100,
    "tpGain": 0
  },
  {
    "id": 20,
    "animationId": 0,
    "consumable": true,
    "damage": {
      "critical": false,
      "elementId": 0,
      "formula": "0",
      "type": 0,
      "variance": 20
    },
    "description": "",
    "effects": [],
    "hitType": 0,
    "iconIndex": 0,
    "itypeId": 1,
    "name": "",
    "note": "",
    "occasion": 0,
    "price": 0,
    "repeats": 1,
    "scope": 7,
    "speed": 0,
    "successRate": 100,
    "tpGain": 0
  },
  {
    "id": 21,
    "animationId": 0,
    "consumable": true,
    "damage": {
      "critical": false,
      "elementId": 0,
      "formula": "0",
      "type": 0,
      "variance": 20
    },
    "description": "como chaves e avançando pela história",
    "effects": [],
    "hitType": 0,
    "iconIndex": 0,
    "itypeId": 1,
    "name": "-[ITENS DO CASTELO]-",
    "note": "<noq>",
    "occasion": 3,
    "price": 0,
    "repeats": 1,
    "scope": 7,
    "speed": 0,
    "successRate": 100,
    "tpGain": 0
  },
  {
    "id": 22,
    "animationId": 0,
    "consumable": false,
    "damage": {
      "critical": false,
      "elementId": 0,
      "formula": "0",
      "type": 0,
      "variance": 20
    },
    "description": "Uma chave adornada com um chaveiro em forma de círculos concêntricos.",
    "effects": [],
    "hitType": 0,
    "iconIndex": 88,
    "itypeId": 1,
    "name": "Chave do Círculo",
    "note": "<noq>\n<Sort Priority: 10>\n<Japanese Translation>\n[name]:円の鍵\n[description]:同心円デザインのキーチェーンがついた鍵。\n</Japanese Translation>",
    "occasion": 3,
    "price": 0,
    "repeats": 1,
    "scope": 0,
    "speed": 0,
    "successRate": 100,
    "tpGain": 0
  },
  {
    "id": 23,
    "animationId": 0,
    "consumable": false,
    "damage": {
      "critical": false,
      "elementId": 0,
      "formula": "0",
      "type": 0,
      "variance": 20
    },
    "description": "Uma chave adornada com um chaveiro em forma de ovo.",
    "effects": [],
    "hitType": 0,
    "iconIndex": 88,
    "itypeId": 1,
    "name": "Chave de ovo",
    "note": "<noq>\n<Sort Priority: 10>\n<Japanese Translation>\n[name]:タマゴの鍵\n[description]:タマゴの形のキーチェーンがついた鍵。\n</Japanese Translation>",
    "occasion": 3,
    "price": 0,
    "repeats": 1,
    "scope": 0,
    "speed": 0,
    "successRate": 100,
    "tpGain": 0
  },
  {
    "id": 24,
    "animationId": 0,
    "consumable": false,
    "damage": {
      "critical": false,
      "elementId": 0,
      "formula": "0",
      "type": 0,
      "variance": 20
    },
    "description": "Uma chave adornada com um chaveiro quebrado em forma de ovo.",
    "effects": [],
    "hitType": 0,
    "iconIndex": 88,
    "itypeId": 1,
    "name": "Chave de ovo quebrado",
    "note": "<noq>\n<Sort Priority: 10>\n<Japanese Translation>\n[name]:割れタマゴの鍵\n[description]:割れタマゴの形のキーチェーンがついた鍵。\n</Japanese Translation>",
    "occasion": 3,
    "price": 0,
    "repeats": 1,
    "scope": 0,
    "speed": 0,
    "successRate": 100,
    "tpGain": 0
  },
  {
    "id": 25,
    "animationId": 0,
    "consumable": false,
    "damage": {
      "critical": false,
      "elementId": 0,
      "formula": "0",
      "type": 0,
      "variance": 20
    },
    "description": "Uma chave adornada com um chaveiro Rock em forma de mão.",
    "effects": [],
    "hitType": 0,
    "iconIndex": 88,
    "itypeId": 1,
    "name": "Chave de rocha",
    "note": "<noq>\n<Sort Priority: 10>\n<Japanese Translation>\n[name]:グーの鍵\n[description]:グーの形のキーチェーンがついた鍵。\n</Japanese Translation>",
    "occasion": 3,
    "price": 0,
    "repeats": 1,
    "scope": 0,
    "speed": 0,
    "successRate": 100,
    "tpGain": 0
  },
  {
    "id": 26,
    "animationId": 0,
    "consumable": false,
    "damage": {
      "critical": false,
      "elementId": 0,
      "formula": "0",
      "type": 0,
      "variance": 20
    },
    "description": "Uma chave adornada com um chaveiro de papel em forma de mão.",
    "effects": [],
    "hitType": 0,
    "iconIndex": 88,
    "itypeId": 1,
    "name": "Chave de papel",
    "note": "<noq>\n<Sort Priority: 10>\n<Japanese Translation>\n[name]:パーの鍵\n[description]:パーの形のキーチェーンがついた鍵。\n</Japanese Translation>",
    "occasion": 3,
    "price": 0,
    "repeats": 1,
    "scope": 0,
    "speed": 0,
    "successRate": 100,
    "tpGain": 0
  },
  {
    "id": 27,
    "animationId": 0,
    "consumable": false,
    "damage": {
      "critical": false,
      "elementId": 0,
      "formula": "0",
      "type": 0,
      "variance": 20
    },
    "description": "Uma chave adornada com um chaveiro em forma de tesoura.",
    "effects": [],
    "hitType": 0,
    "iconIndex": 88,
    "itypeId": 1,
    "name": "Chave de tesoura",
    "note": "<noq>\n<Sort Priority: 10>\n<Japanese Translation>\n[name]:チョキの鍵\n[description]:チョキの形のキーチェーンがついた鍵。\n</Japanese Translation>",
    "occasion": 3,
    "price": 0,
    "repeats": 1,
    "scope": 0,
    "speed": 0,
    "successRate": 100,
    "tpGain": 0
  },
  {
    "id": 28,
    "animationId": 0,
    "consumable": false,
    "damage": {
      "critical": false,
      "elementId": 0,
      "formula": "0",
      "type": 0,
      "variance": 20
    },
    "description": "Uma chave adornada com um chaveiro em forma de máscara sorridente.",
    "effects": [],
    "hitType": 0,
    "iconIndex": 88,
    "itypeId": 1,
    "name": "Chave Sorridente",
    "note": "<noq>\n<Sort Priority: 10>\n<Japanese Translation>\n[name]:笑顔の鍵\n[description]:笑顔のキーチェーンがついた鍵。\n</Japanese Translation>",
    "occasion": 3,
    "price": 0,
    "repeats": 1,
    "scope": 0,
    "speed": 0,
    "successRate": 100,
    "tpGain": 0
  },
  {
    "id": 29,
    "animationId": 0,
    "consumable": false,
    "damage": {
      "critical": false,
      "elementId": 0,
      "formula": "0",
      "type": 0,
      "variance": 20
    },
    "description": "Uma chave adornada com um chaveiro em forma de máscara de raiva.",
    "effects": [],
    "hitType": 0,
    "iconIndex": 88,
    "itypeId": 1,
    "name": "Chave irritada",
    "note": "<noq>\n<Sort Priority: 10>\n<Japanese Translation>\n[name]:怒り顔の鍵\n[description]:怒り顔のキーチェーンがついた鍵。\n</Japanese Translation>",
    "occasion": 3,
    "price": 0,
    "repeats": 1,
    "scope": 0,
    "speed": 0,
    "successRate": 100,
    "tpGain": 0
  },
  {
    "id": 30,
    "animationId": 0,
    "consumable": false,
    "damage": {
      "critical": false,
      "elementId": 0,
      "formula": "0",
      "type": 0,
      "variance": 20
    },
    "description": "Uma chave adornada com um chaveiro em forma de máscara de choro.\nEncontrado no 2º andar.",
    "effects": [],
    "hitType": 0,
    "iconIndex": 88,
    "itypeId": 1,
    "name": "Chave chorando",
    "note": "<noq>\n<Sort Priority: 10>\n<Japanese Translation>\n[name]:泣き顔の鍵\n[description]:泣き顔のキーチェーンがついた鍵。2階で見つけた。\n</Japanese Translation>",
    "occasion": 3,
    "price": 0,
    "repeats": 1,
    "scope": 0,
    "speed": 0,
    "successRate": 100,
    "tpGain": 0
  },
  {
    "id": 31,
    "animationId": 0,
    "consumable": false,
    "damage": {
      "critical": false,
      "elementId": 0,
      "formula": "0",
      "type": 0,
      "variance": 20
    },
    "description": "\\v[288]",
    "effects": [],
    "hitType": 0,
    "iconIndex": 88,
    "itypeId": 1,
    "name": "Chave Vazia",
    "note": "<noq>\n<Sort Priority: 10>\n<Japanese Translation>\n[name]:無表情の鍵\n</Japanese Translation>",
    "occasion": 3,
    "price": 0,
    "repeats": 1,
    "scope": 0,
    "speed": 0,
    "successRate": 100,
    "tpGain": 0
  },
  {
    "id": 32,
    "animationId": 0,
    "consumable": false,
    "damage": {
      "critical": false,
      "elementId": 0,
      "formula": "0",
      "type": 0,
      "variance": 20
    },
    "description": "Uma crista em forma de estrela.<br>\nHá uma lágrima gravada nele.",
    "effects": [],
    "hitType": 0,
    "iconIndex": 88,
    "itypeId": 1,
    "name": "Crista Estelar",
    "note": "<noq>\n<Sort Priority: 12>\n<Japanese Translation>\n[name]:星の紋章\n[description]:星の形をした紋章。<br>しずくのような彫刻が入っている。\n</Japanese Translation>",
    "occasion": 3,
    "price": 0,
    "repeats": 1,
    "scope": 7,
    "speed": 0,
    "successRate": 100,
    "tpGain": 0
  },
  {
    "id": 33,
    "animationId": 0,
    "consumable": false,
    "damage": {
      "critical": false,
      "elementId": 0,
      "formula": "0",
      "type": 0,
      "variance": 20
    },
    "description": "Uma crista em forma de estrela.<br>\nHá um relógio gravado nele.",
    "effects": [],
    "hitType": 0,
    "iconIndex": 88,
    "itypeId": 1,
    "name": "Crista Estelar",
    "note": "<noq>\n<Sort Priority: 12>\n<Japanese Translation>\n[name]:星の紋章\n[description]:星の形をした紋章。<br>時計のような彫刻が入っている。\n</Japanese Translation>",
    "occasion": 3,
    "price": 0,
    "repeats": 1,
    "scope": 7,
    "speed": 0,
    "successRate": 100,
    "tpGain": 0
  },
  {
    "id": 34,
    "animationId": 0,
    "consumable": false,
    "damage": {
      "critical": false,
      "elementId": 0,
      "formula": "0",
      "type": 0,
      "variance": 20
    },
    "description": "Uma crista em forma de estrela.<br>\nHá outra estrela gravada nele.",
    "effects": [],
    "hitType": 0,
    "iconIndex": 88,
    "itypeId": 1,
    "name": "Crista Estelar",
    "note": "<noq>\n<Sort Priority: 12>\n<Japanese Translation>\n[name]:星の紋章\n[description]:星の形をした紋章。<br>中にもうひとつ星が彫刻されている。\n</Japanese Translation>",
    "occasion": 3,
    "price": 0,
    "repeats": 1,
    "scope": 7,
    "speed": 0,
    "successRate": 100,
    "tpGain": 0
  },
  {
    "id": 35,
    "animationId": 0,
    "consumable": false,
    "damage": {
      "critical": false,
      "elementId": 0,
      "formula": "0",
      "type": 0,
      "variance": 20
    },
    "description": "\\v[359]",
    "effects": [],
    "hitType": 0,
    "iconIndex": 88,
    "itypeId": 1,
    "name": "KeyKnife",
    "note": "<noq>\n<Sort Priority: 10>\n<Japanese Translation>\n[name]:キーナイフ\n[description]:\\v[359]\n</Japanese Translation>",
    "occasion": 3,
    "price": 0,
    "repeats": 1,
    "scope": 0,
    "speed": 0,
    "successRate": 100,
    "tpGain": 0
  },
  {
    "id": 36,
    "animationId": 0,
    "consumable": true,
    "damage": {
      "critical": false,
      "elementId": 0,
      "formula": "0",
      "type": 0,
      "variance": 20
    },
    "description": "",
    "effects": [],
    "hitType": 0,
    "iconIndex": 0,
    "itypeId": 1,
    "name": "",
    "note": "",
    "occasion": 0,
    "price": 0,
    "repeats": 1,
    "scope": 7,
    "speed": 0,
    "successRate": 100,
    "tpGain": 0
  },
  {
    "id": 37,
    "animationId": 0,
    "consumable": true,
    "damage": {
      "critical": false,
      "elementId": 0,
      "formula": "0",
      "type": 0,
      "variance": 20
    },
    "description": "",
    "effects": [],
    "hitType": 0,
    "iconIndex": 0,
    "itypeId": 1,
    "name": "",
    "note": "",
    "occasion": 0,
    "price": 0,
    "repeats": 1,
    "scope": 7,
    "speed": 0,
    "successRate": 100,
    "tpGain": 0
  },
  {
    "id": 38,
    "animationId": 0,
    "consumable": true,
    "damage": {
      "critical": false,
      "elementId": 0,
      "formula": "0",
      "type": 0,
      "variance": 20
    },
    "description": "",
    "effects": [],
    "hitType": 0,
    "iconIndex": 0,
    "itypeId": 1,
    "name": "",
    "note": "",
    "occasion": 0,
    "price": 0,
    "repeats": 1,
    "scope": 7,
    "speed": 0,
    "successRate": 100,
    "tpGain": 0
  },
  {
    "id": 39,
    "animationId": 0,
    "consumable": true,
    "damage": {
      "critical": false,
      "elementId": 0,
      "formula": "0",
      "type": 0,
      "variance": 20
    },
    "description": "",
    "effects": [],
    "hitType": 0,
    "iconIndex": 0,
    "itypeId": 1,
    "name": "",
    "note": "",
    "occasion": 0,
    "price": 0,
    "repeats": 1,
    "scope": 7,
    "speed": 0,
    "successRate": 100,
    "tpGain": 0
  },
  {
    "id": 40,
    "animationId": 0,
    "consumable": true,
    "damage": {
      "critical": false,
      "elementId": 0,
      "formula": "0",
      "type": 0,
      "variance": 20
    },
    "description": "",
    "effects": [],
    "hitType": 0,
    "iconIndex": 0,
    "itypeId": 1,
    "name": "",
    "note": "",
    "occasion": 0,
    "price": 0,
    "repeats": 1,
    "scope": 7,
    "speed": 0,
    "successRate": 100,
    "tpGain": 0
  },
  {
    "id": 41,
    "animationId": 0,
    "consumable": false,
    "damage": {
      "critical": false,
      "elementId": 0,
      "formula": "0",
      "type": 0,
      "variance": 20
    },
    "description": "modelo",
    "effects": [
      {
        "code": 44,
        "dataId": 41,
        "value1": 1,
        "value2": 0
      }
    ],
    "hitType": 0,
    "iconIndex": 69,
    "itypeId": 3,
    "name": "-[KNICKNACKS]-",
    "note": "<noq>",
    "occasion": 2,
    "price": 0,
    "repeats": 1,
    "scope": 0,
    "speed": 0,
    "successRate": 100,
    "tpGain": 0
  },
  {
    "id": 42,
    "animationId": 0,
    "consumable": false,
    "damage": {
      "critical": false,
      "elementId": 0,
      "formula": "0",
      "type": 0,
      "variance": 20
    },
    "description": "\\v[282]",
    "effects": [
      {
        "code": 44,
        "dataId": 47,
        "value1": 1,
        "value2": 0
      }
    ],
    "hitType": 0,
    "iconIndex": 69,
    "itypeId": 3,
    "name": "Moeda de prata",
    "note": "<Sort Priority: 1>\n<noq>\n<Japanese Translation>\n[name]:銀貨\n</Japanese Translation>",
    "occasion": 2,
    "price": 0,
    "repeats": 1,
    "scope": 0,
    "speed": 0,
    "successRate": 100,
    "tpGain": 0
  },
  {
    "id": 43,
    "animationId": 0,
    "consumable": false,
    "damage": {
      "critical": false,
      "elementId": 0,
      "formula": "0",
      "type": 0,
      "variance": 20
    },
    "description": "Uma flor de quatro pétalas cheia de significado oculto.<br>\nVocê pode presentear seu \\v[284].",
    "effects": [
      {
        "code": 44,
        "dataId": 58,
        "value1": 1,
        "value2": 0
      }
    ],
    "hitType": 0,
    "iconIndex": 69,
    "itypeId": 3,
    "name": "Flor Brilhante",
    "note": "<Sort Priority: 2>\n<noq>\n<Japanese Translation>\n[name]:派手な花\n[description]:4枚の花びらがあるこの花には、様々な意味が隠されている。\\v[284]にプレゼントできる。\n</Japanese Translation>",
    "occasion": 2,
    "price": 0,
    "repeats": 1,
    "scope": 0,
    "speed": 0,
    "successRate": 100,
    "tpGain": 0
  },
  {
    "id": 44,
    "animationId": 0,
    "consumable": false,
    "damage": {
      "critical": false,
      "elementId": 0,
      "formula": "0",
      "type": 0,
      "variance": 20
    },
    "description": "Brilhante. Afiado. Use com cuidado.",
    "effects": [
      {
        "code": 44,
        "dataId": 57,
        "value1": 1,
        "value2": 0
      }
    ],
    "hitType": 0,
    "iconIndex": 69,
    "itypeId": 3,
    "name": "Pedaço de vidro brilhante",
    "note": "<Sort Priority: 3>\n<noq>\n<Japanese Translation>\n[name]:ぴかぴかガラス\n[description]:ぴかぴかしていて鋭い。扱いは慎重に。\n</Japanese Translation>",
    "occasion": 2,
    "price": 0,
    "repeats": 1,
    "scope": 0,
    "speed": 0,
    "successRate": 100,
    "tpGain": 0
  },
  {
    "id": 45,
    "animationId": 0,
    "consumable": false,
    "damage": {
      "critical": false,
      "elementId": 0,
      "formula": "0",
      "type": 0,
      "variance": 20
    },
    "description": "\"Você estava lá o tempo todo, mas mesmo assim voltou para casa.\"",
    "effects": [
      {
        "code": 44,
        "dataId": 60,
        "value1": 1,
        "value2": 0
      }
    ],
    "hitType": 0,
    "iconIndex": 69,
    "itypeId": 3,
    "name": "Poema amassado",
    "note": "<Sort Priority: 4>\n<noq>\n<Japanese Translation>\n[name]:くしゃくしゃのポエム\n[description]:\"あなたはずっと そこにいた<br>それでも帰る ふるさとに\"\n</Japanese Translation>",
    "occasion": 2,
    "price": 0,
    "repeats": 1,
    "scope": 0,
    "speed": 0,
    "successRate": 100,
    "tpGain": 0
  },
  {
    "id": 46,
    "animationId": 0,
    "consumable": false,
    "damage": {
      "critical": false,
      "elementId": 0,
      "formula": "0",
      "type": 0,
      "variance": 20
    },
    "description": "\\v[287]",
    "effects": [
      {
        "code": 44,
        "dataId": 55,
        "value1": 1,
        "value2": 0
      }
    ],
    "hitType": 0,
    "iconIndex": 69,
    "itypeId": 3,
    "name": "Lembrete",
    "note": "<Sort Priority: 2>\n<noq>\n<Japanese Translation>\n[name]:することメモ\n</Japanese Translation>",
    "occasion": 2,
    "price": 0,
    "repeats": 1,
    "scope": 0,
    "speed": 0,
    "successRate": 100,
    "tpGain": 0
  },
  {
    "id": 47,
    "animationId": 0,
    "consumable": false,
    "damage": {
      "critical": false,
      "elementId": 0,
      "formula": "0",
      "type": 0,
      "variance": 20
    },
    "description": "Crinkle, crinkle, está perto do outono.<br>\nSua forma parece familiar de alguma forma.",
    "effects": [
      {
        "code": 44,
        "dataId": 61,
        "value1": 1,
        "value2": 0
      }
    ],
    "hitType": 0,
    "iconIndex": 69,
    "itypeId": 3,
    "name": "Folha de Quatro Pontas",
    "note": "<Sort Priority: 2>\n<noq>\n<Japanese Translation>\n[name]:とがった四つ葉\n[description]:しわしわになって今にも落ちそう。どこかしら見覚えのある形だ。\n</Japanese Translation>",
    "occasion": 2,
    "price": 0,
    "repeats": 1,
    "scope": 0,
    "speed": 0,
    "successRate": 100,
    "tpGain": 0
  },
  {
    "id": 48,
    "animationId": 0,
    "consumable": false,
    "damage": {
      "critical": false,
      "elementId": 0,
      "formula": "0",
      "type": 0,
      "variance": 20
    },
    "description": "Não é nada, mas pode se tornar qualquer coisa.",
    "effects": [
      {
        "code": 44,
        "dataId": 65,
        "value1": 1,
        "value2": 0
      }
    ],
    "hitType": 0,
    "iconIndex": 69,
    "itypeId": 3,
    "name": "Argila irregular",
    "note": "<Sort Priority: 4>\n<noq>\n<Japanese Translation>\n[name]:粘土の塊\n[description]:何でもないが何にでもなれる。\n</Japanese Translation>",
    "occasion": 2,
    "price": 0,
    "repeats": 1,
    "scope": 0,
    "speed": 0,
    "successRate": 100,
    "tpGain": 0
  },
  {
    "id": 49,
    "animationId": 0,
    "consumable": false,
    "damage": {
      "critical": false,
      "elementId": 0,
      "formula": "0",
      "type": 0,
      "variance": 20
    },
    "description": "Uma foto sua e do seu \\v[284].",
    "effects": [
      {
        "code": 44,
        "dataId": 69,
        "value1": 1,
        "value2": 0
      }
    ],
    "hitType": 0,
    "iconIndex": 69,
    "itypeId": 3,
    "name": "Imagem espelhada",
    "note": "<Sort Priority: 4>\n<noq>\n<Japanese Translation>\n[name]:鏡像\n[description]:自分と\\v[284]の写真。\n</Japanese Translation>",
    "occasion": 2,
    "price": 0,
    "repeats": 1,
    "scope": 0,
    "speed": 0,
    "successRate": 100,
    "tpGain": 0
  },
  {
    "id": 50,
    "animationId": 0,
    "consumable": false,
    "damage": {
      "critical": false,
      "elementId": 0,
      "formula": "0",
      "type": 0,
      "variance": 20
    },
    "description": "Para tornar as coisas mais nítidas! Use-o no KeyKnife!",
    "effects": [
      {
        "code": 44,
        "dataId": 70,
        "value1": 1,
        "value2": 0
      }
    ],
    "hitType": 0,
    "iconIndex": 69,
    "itypeId": 3,
    "name": "Pedra de afiar",
    "note": "<Sort Priority: 3>\n<noq>\n<Japanese Translation>\n[name]:砥石\n[description]:刃物を砥げばば鋭くなる！ キーナイフに使おう！\n</Japanese Translation>",
    "occasion": 2,
    "price": 0,
    "repeats": 1,
    "scope": 0,
    "speed": 0,
    "successRate": 100,
    "tpGain": 0
  },
  {
    "id": 51,
    "animationId": 0,
    "consumable": false,
    "damage": {
      "critical": false,
      "elementId": 0,
      "formula": "0",
      "type": 0,
      "variance": 20
    },
    "description": "Um pingente, sem corrente. Tem o formato de um sino.",
    "effects": [
      {
        "code": 44,
        "dataId": 71,
        "value1": 1,
        "value2": 0
      }
    ],
    "hitType": 0,
    "iconIndex": 69,
    "itypeId": 3,
    "name": "Pingente de sino",
    "note": "<Sort Priority: 2>\n<noq>\n<Japanese Translation>\n[name]:鈴のペンダント\n[description]:鎖のないペンダント。鈴の形をしている。\n</Japanese Translation>",
    "occasion": 2,
    "price": 0,
    "repeats": 1,
    "scope": 0,
    "speed": 0,
    "successRate": 100,
    "tpGain": 0
  },
  {
    "id": 52,
    "animationId": 0,
    "consumable": false,
    "damage": {
      "critical": false,
      "elementId": 0,
      "formula": "0",
      "type": 0,
      "variance": 20
    },
    "description": "Uma corrente, sem pingente. Suas contas são enormes...",
    "effects": [
      {
        "code": 44,
        "dataId": 72,
        "value1": 1,
        "value2": 0
      }
    ],
    "hitType": 0,
    "iconIndex": 69,
    "itypeId": 3,
    "name": "Cadeia Enorme",
    "note": "<Sort Priority: 4>\n<noq>\n<Japanese Translation>\n[name]:太い鎖\n[description]:ペンダントのついていない鎖。大きな玉が連なっている…\n</Japanese Translation>",
    "occasion": 2,
    "price": 0,
    "repeats": 1,
    "scope": 0,
    "speed": 0,
    "successRate": 100,
    "tpGain": 0
  },
  {
    "id": 53,
    "animationId": 0,
    "consumable": false,
    "damage": {
      "critical": false,
      "elementId": 0,
      "formula": "0",
      "type": 0,
      "variance": 20
    },
    "description": "Um cartão amassado desenhado à mão.<br>\nA parte inferior diz \"\\v[289]\".",
    "effects": [
      {
        "code": 44,
        "dataId": 73,
        "value1": 1,
        "value2": 0
      }
    ],
    "hitType": 0,
    "iconIndex": 69,
    "itypeId": 3,
    "name": "Carta sorteada",
    "note": "<Sort Priority: 3>\n<noq>\n<Japanese Translation>\n[name]:手描きのカード\n[description]:丸められた痕跡がある手描きのカード。下のほうに\"\"\\v[289]\"\"と書いてある。\n</Japanese Translation>",
    "occasion": 2,
    "price": 0,
    "repeats": 1,
    "scope": 0,
    "speed": 0,
    "successRate": 100,
    "tpGain": 0
  },
  {
    "id": 54,
    "animationId": 0,
    "consumable": false,
    "damage": {
      "critical": false,
      "elementId": 0,
      "formula": "0",
      "type": 0,
      "variance": 20
    },
    "description": "Um desenho estático de você e seus amigos.",
    "effects": [
      {
        "code": 44,
        "dataId": 52,
        "value1": 1,
        "value2": 0
      }
    ],
    "hitType": 0,
    "iconIndex": 69,
    "itypeId": 3,
    "name": "Doodle de Amizade",
    "note": "<Sort Priority: 2>\n<noq>\n<Japanese Translation>\n[name]:仲間たちの絵\n[description]:自分と仲間たちがじっとしているところを描いた絵。\n</Japanese Translation>",
    "occasion": 2,
    "price": 0,
    "repeats": 1,
    "scope": 0,
    "speed": 0,
    "successRate": 100,
    "tpGain": 0
  },
  {
    "id": 55,
    "animationId": 0,
    "consumable": false,
    "damage": {
      "critical": false,
      "elementId": 0,
      "formula": "0",
      "type": 0,
      "variance": 20
    },
    "description": "\\v[292]",
    "effects": [
      {
        "code": 44,
        "dataId": 76,
        "value1": 1,
        "value2": 0
      }
    ],
    "hitType": 0,
    "iconIndex": 69,
    "itypeId": 3,
    "name": "Fanmail amoroso",
    "note": "<Sort Priority: 2>\n<noq>\n<Japanese Translation>\n[name]:愛情たっぷりのファンレター\n</Japanese Translation>",
    "occasion": 2,
    "price": 0,
    "repeats": 1,
    "scope": 0,
    "speed": 0,
    "successRate": 100,
    "tpGain": 0
  },
  {
    "id": 56,
    "animationId": 0,
    "consumable": false,
    "damage": {
      "critical": false,
      "elementId": 0,
      "formula": "0",
      "type": 0,
      "variance": 20
    },
    "description": "Uma boneca sem metade do rosto. É fofo\\v[286]",
    "effects": [
      {
        "code": 44,
        "dataId": 51,
        "value1": 1,
        "value2": 0
      }
    ],
    "hitType": 0,
    "iconIndex": 69,
    "itypeId": 3,
    "name": "Boneca Quebrada",
    "note": "<Sort Priority: 3>\n<noq>\n<Japanese Translation>\n[name]:壊れた人形\n[description]:顔が半分欠けている人形。かわいい\\v[286]\n</Japanese Translation>",
    "occasion": 2,
    "price": 0,
    "repeats": 1,
    "scope": 0,
    "speed": 0,
    "successRate": 100,
    "tpGain": 0
  },
  {
    "id": 57,
    "animationId": 0,
    "consumable": false,
    "damage": {
      "critical": false,
      "elementId": 0,
      "formula": "0",
      "type": 0,
      "variance": 20
    },
    "description": "É uma coisa longa. Não há nada mais descritivo do que isso.",
    "effects": [
      {
        "code": 44,
        "dataId": 183,
        "value1": 1,
        "value2": 0
      }
    ],
    "hitType": 0,
    "iconIndex": 69,
    "itypeId": 3,
    "name": "Coisa Longa",
    "note": "<Sort Priority: 5>\n<noq>\n<Japanese Translation>\n[name]:長いナニカ\n[description]:長いナニカだ。それ以上説明のしようがない。\n</Japanese Translation>",
    "occasion": 2,
    "price": 0,
    "repeats": 1,
    "scope": 0,
    "speed": 0,
    "successRate": 100,
    "tpGain": 0
  },
  {
    "id": 58,
    "animationId": 0,
    "consumable": false,
    "damage": {
      "critical": false,
      "elementId": 0,
      "formula": "0",
      "type": 0,
      "variance": 20
    },
    "description": "É um gadget curto. Não há nada mais descritivo do que isso.",
    "effects": [
      {
        "code": 44,
        "dataId": 184,
        "value1": 1,
        "value2": 0
      }
    ],
    "hitType": 0,
    "iconIndex": 69,
    "itypeId": 3,
    "name": "Gizmo-Gadget curto",
    "note": "<noq>\n<Sort Priority: 5>\n<Japanese Translation>\n[name]:短いガジェット\n[description]:短いガジェットだ。それ以上説明のしようがない。\n</Japanese Translation>",
    "occasion": 2,
    "price": 0,
    "repeats": 1,
    "scope": 0,
    "speed": 0,
    "successRate": 100,
    "tpGain": 0
  },
  {
    "id": 59,
    "animationId": 0,
    "consumable": false,
    "damage": {
      "critical": false,
      "elementId": 0,
      "formula": "0",
      "type": 0,
      "variance": 20
    },
    "description": "Um pequeno frasco com o rótulo \"Ingrediente Secreto\". Para que serve?",
    "effects": [
      {
        "code": 44,
        "dataId": 182,
        "value1": 1,
        "value2": 0
      }
    ],
    "hitType": 0,
    "iconIndex": 69,
    "itypeId": 3,
    "name": "Ingrediente Secreto",
    "note": "<noq>\n<Sort Priority: 5>\n<Japanese Translation>\n[name]:ヒミツの材料\n[description]:「ヒミツの材料」というラベルが貼られた小瓶。何に使うのだろう？\n</Japanese Translation>",
    "occasion": 2,
    "price": 0,
    "repeats": 1,
    "scope": 0,
    "speed": 0,
    "successRate": 100,
    "tpGain": 0
  },
  {
    "id": 60,
    "animationId": 0,
    "consumable": false,
    "damage": {
      "critical": false,
      "elementId": 0,
      "formula": "0",
      "type": 0,
      "variance": 20
    },
    "description": "Um lindo brinco escuro pendurado, prova do amor de alguém.",
    "effects": [
      {
        "code": 44,
        "dataId": 59,
        "value1": 1,
        "value2": 0
      }
    ],
    "hitType": 0,
    "iconIndex": 69,
    "itypeId": 3,
    "name": "Brinco de colagem",
    "note": "<noq>\n<Sort Priority: 3>\n<Japanese Translation>\n[name]:絆のイヤリング\n[description]:長く垂れるイヤリング。暗いトーンで美しい。誰かさんの愛のあかしだ。\n</Japanese Translation>",
    "occasion": 2,
    "price": 0,
    "repeats": 1,
    "scope": 0,
    "speed": 0,
    "successRate": 100,
    "tpGain": 0
  },
  {
    "id": 61,
    "animationId": 0,
    "consumable": false,
    "damage": {
      "critical": false,
      "elementId": 0,
      "formula": "0",
      "type": 0,
      "variance": 20
    },
    "description": "\\v[290]",
    "effects": [
      {
        "code": 44,
        "dataId": 78,
        "value1": 1,
        "value2": 0
      }
    ],
    "hitType": 0,
    "iconIndex": 69,
    "itypeId": 3,
    "name": "Petiscos Eternos",
    "note": "<noq>\n<Japanese Translation>\n[name]:永遠のお菓子\n</Japanese Translation>",
    "occasion": 2,
    "price": 0,
    "repeats": 1,
    "scope": 0,
    "speed": 0,
    "successRate": 100,
    "tpGain": 0
  },
  {
    "id": 62,
    "animationId": 0,
    "consumable": false,
    "damage": {
      "critical": false,
      "elementId": 0,
      "formula": "0",
      "type": 0,
      "variance": 20
    },
    "description": "Uma moeda de prata que você encontrou embaixo da Árvore do Favor.",
    "effects": [
      {
        "code": 44,
        "dataId": 213,
        "value1": 1,
        "value2": 0
      }
    ],
    "hitType": 0,
    "iconIndex": 69,
    "itypeId": 3,
    "name": "Moeda de prata",
    "note": "<Sort Priority: 1>\n<noq>\n<Japanese Translation>\n[name]:銀貨\n[description]:願いの木の下で見つけた銀貨。\n</Japanese Translation>",
    "occasion": 2,
    "price": 0,
    "repeats": 1,
    "scope": 0,
    "speed": 0,
    "successRate": 100,
    "tpGain": 0
  },
  {
    "id": 63,
    "animationId": 0,
    "consumable": true,
    "damage": {
      "critical": false,
      "elementId": 0,
      "formula": "0",
      "type": 0,
      "variance": 20
    },
    "description": "",
    "effects": [],
    "hitType": 0,
    "iconIndex": 0,
    "itypeId": 1,
    "name": "",
    "note": "",
    "occasion": 0,
    "price": 0,
    "repeats": 1,
    "scope": 7,
    "speed": 0,
    "successRate": 100,
    "tpGain": 0
  },
  {
    "id": 64,
    "animationId": 0,
    "consumable": true,
    "damage": {
      "critical": false,
      "elementId": 0,
      "formula": "0",
      "type": 0,
      "variance": 20
    },
    "description": "",
    "effects": [],
    "hitType": 0,
    "iconIndex": 0,
    "itypeId": 1,
    "name": "",
    "note": "",
    "occasion": 0,
    "price": 0,
    "repeats": 1,
    "scope": 7,
    "speed": 0,
    "successRate": 100,
    "tpGain": 0
  },
  {
    "id": 65,
    "animationId": 0,
    "consumable": false,
    "damage": {
      "critical": false,
      "elementId": 0,
      "formula": "0",
      "type": 0,
      "variance": 20
    },
    "description": "",
    "effects": [],
    "hitType": 0,
    "iconIndex": 70,
    "itypeId": 2,
    "name": "-[RECORDAÇÕES]-",
    "note": "<noq>\n<Menu Category: Memories>",
    "occasion": 2,
    "price": 0,
    "repeats": 1,
    "scope": 0,
    "speed": 0,
    "successRate": 100,
    "tpGain": 0
  },
  {
    "id": 66,
    "animationId": 0,
    "consumable": false,
    "damage": {
      "critical": false,
      "elementId": 0,
      "formula": "0",
      "type": 0,
      "variance": 20
    },
    "description": "\\v[291] [Use para saber quantos \\i[70] você tem.]",
    "effects": [
      {
        "code": 44,
        "dataId": 68,
        "value1": 1,
        "value2": 0
      }
    ],
    "hitType": 0,
    "iconIndex": 151,
    "itypeId": 2,
    "name": "Memória do conflito",
    "note": "<Menu Category: Memories>\n<Sort Priority: 2>\n<Japanese Translation>\n[name]:衝突の記憶\n[description]:\\v[291] [これを使うと何回\\i[70]をしたかが分かる。]\n</Japanese Translation>",
    "occasion": 2,
    "price": 0,
    "repeats": 1,
    "scope": 0,
    "speed": 0,
    "successRate": 100,
    "tpGain": 0
  },
  {
    "id": 67,
    "animationId": 0,
    "consumable": false,
    "damage": {
      "critical": false,
      "elementId": 0,
      "formula": "0",
      "type": 0,
      "variance": 20
    },
    "description": "Vai ficar cada vez mais fácil. Ou é mais difícil?<br>\n[Vale 5 Memórias de Escaramuça.]",
    "effects": [],
    "hitType": 0,
    "iconIndex": 151,
    "itypeId": 2,
    "name": "Memória da Batalha",
    "note": "<Menu Category: Memories>\n<Sort Priority: 2>\n<Japanese Translation>\n[name]:戦闘の記憶\n[description]:だんだん楽になっていくはず。それとももっと大変になる？ [「衝突の記憶」x5に相当。]\n</Japanese Translation>",
    "occasion": 3,
    "price": 0,
    "repeats": 1,
    "scope": 0,
    "speed": 0,
    "successRate": 100,
    "tpGain": 0
  },
  {
    "id": 68,
    "animationId": 0,
    "consumable": false,
    "damage": {
      "critical": false,
      "elementId": 0,
      "formula": "0",
      "type": 0,
      "variance": 20
    },
    "description": "Derrotar um rei. O que isso faz de você?<br>\n[Vale 10 Memórias de Escaramuça.]",
    "effects": [],
    "hitType": 0,
    "iconIndex": 151,
    "itypeId": 2,
    "name": "Memória do Conflito",
    "note": "<Menu Category: Memories>\n<Sort Priority: 2>\n<Japanese Translation>\n[name]:紛争の記憶\n[description]:王を倒した人物は何と呼ばれるのだろう？ [「衝突の記憶」x10に相当。]\n</Japanese Translation>",
    "occasion": 3,
    "price": 0,
    "repeats": 1,
    "scope": 0,
    "speed": 0,
    "successRate": 100,
    "tpGain": 0
  },
  {
    "id": 69,
    "animationId": 0,
    "consumable": true,
    "damage": {
      "critical": false,
      "elementId": 0,
      "formula": "0",
      "type": 0,
      "variance": 20
    },
    "description": "",
    "effects": [],
    "hitType": 0,
    "iconIndex": 0,
    "itypeId": 1,
    "name": "",
    "note": "",
    "occasion": 0,
    "price": 0,
    "repeats": 1,
    "scope": 7,
    "speed": 0,
    "successRate": 100,
    "tpGain": 0
  },
  {
    "id": 70,
    "animationId": 0,
    "consumable": true,
    "damage": {
      "critical": false,
      "elementId": 0,
      "formula": "0",
      "type": 0,
      "variance": 20
    },
    "description": "",
    "effects": [],
    "hitType": 0,
    "iconIndex": 0,
    "itypeId": 1,
    "name": "",
    "note": "",
    "occasion": 0,
    "price": 0,
    "repeats": 1,
    "scope": 7,
    "speed": 0,
    "successRate": 100,
    "tpGain": 0
  },
  {
    "id": 71,
    "animationId": 0,
    "consumable": true,
    "damage": {
      "critical": false,
      "elementId": 0,
      "formula": "0",
      "type": 0,
      "variance": 20
    },
    "description": "",
    "effects": [],
    "hitType": 0,
    "iconIndex": 0,
    "itypeId": 1,
    "name": "",
    "note": "",
    "occasion": 0,
    "price": 0,
    "repeats": 1,
    "scope": 7,
    "speed": 0,
    "successRate": 100,
    "tpGain": 0
  },
  {
    "id": 72,
    "animationId": 0,
    "consumable": true,
    "damage": {
      "critical": false,
      "elementId": 0,
      "formula": "0",
      "type": 0,
      "variance": 20
    },
    "description": "",
    "effects": [],
    "hitType": 0,
    "iconIndex": 0,
    "itypeId": 1,
    "name": "",
    "note": "",
    "occasion": 0,
    "price": 0,
    "repeats": 1,
    "scope": 7,
    "speed": 0,
    "successRate": 100,
    "tpGain": 0
  },
  {
    "id": 73,
    "animationId": 0,
    "consumable": true,
    "damage": {
      "critical": false,
      "elementId": 0,
      "formula": "0",
      "type": 0,
      "variance": 20
    },
    "description": "",
    "effects": [],
    "hitType": 0,
    "iconIndex": 0,
    "itypeId": 1,
    "name": "",
    "note": "",
    "occasion": 0,
    "price": 0,
    "repeats": 1,
    "scope": 7,
    "speed": 0,
    "successRate": 100,
    "tpGain": 0
  },
  {
    "id": 74,
    "animationId": 0,
    "consumable": true,
    "damage": {
      "critical": false,
      "elementId": 0,
      "formula": "0",
      "type": 0,
      "variance": 20
    },
    "description": "",
    "effects": [],
    "hitType": 0,
    "iconIndex": 0,
    "itypeId": 1,
    "name": "",
    "note": "",
    "occasion": 0,
    "price": 0,
    "repeats": 1,
    "scope": 7,
    "speed": 0,
    "successRate": 100,
    "tpGain": 0
  },
  {
    "id": 75,
    "animationId": 0,
    "consumable": true,
    "damage": {
      "critical": false,
      "elementId": 0,
      "formula": "0",
      "type": 0,
      "variance": 20
    },
    "description": "",
    "effects": [],
    "hitType": 0,
    "iconIndex": 0,
    "itypeId": 1,
    "name": "",
    "note": "",
    "occasion": 0,
    "price": 0,
    "repeats": 1,
    "scope": 7,
    "speed": 0,
    "successRate": 100,
    "tpGain": 0
  },
  {
    "id": 76,
    "animationId": 0,
    "consumable": true,
    "damage": {
      "critical": false,
      "elementId": 0,
      "formula": "0",
      "type": 0,
      "variance": 20
    },
    "description": "",
    "effects": [],
    "hitType": 0,
    "iconIndex": 0,
    "itypeId": 1,
    "name": "",
    "note": "",
    "occasion": 0,
    "price": 0,
    "repeats": 1,
    "scope": 7,
    "speed": 0,
    "successRate": 100,
    "tpGain": 0
  },
  {
    "id": 77,
    "animationId": 0,
    "consumable": true,
    "damage": {
      "critical": false,
      "elementId": 0,
      "formula": "0",
      "type": 0,
      "variance": 20
    },
    "description": "",
    "effects": [],
    "hitType": 0,
    "iconIndex": 0,
    "itypeId": 1,
    "name": "",
    "note": "",
    "occasion": 0,
    "price": 0,
    "repeats": 1,
    "scope": 7,
    "speed": 0,
    "successRate": 100,
    "tpGain": 0
  },
  {
    "id": 78,
    "animationId": 0,
    "consumable": true,
    "damage": {
      "critical": false,
      "elementId": 0,
      "formula": "0",
      "type": 0,
      "variance": 20
    },
    "description": "",
    "effects": [],
    "hitType": 0,
    "iconIndex": 0,
    "itypeId": 1,
    "name": "",
    "note": "",
    "occasion": 0,
    "price": 0,
    "repeats": 1,
    "scope": 7,
    "speed": 0,
    "successRate": 100,
    "tpGain": 0
  },
  {
    "id": 79,
    "animationId": 0,
    "consumable": true,
    "damage": {
      "critical": false,
      "elementId": 0,
      "formula": "0",
      "type": 0,
      "variance": 20
    },
    "description": "",
    "effects": [],
    "hitType": 0,
    "iconIndex": 0,
    "itypeId": 1,
    "name": "",
    "note": "",
    "occasion": 0,
    "price": 0,
    "repeats": 1,
    "scope": 7,
    "speed": 0,
    "successRate": 100,
    "tpGain": 0
  },
  {
    "id": 80,
    "animationId": 0,
    "consumable": true,
    "damage": {
      "critical": false,
      "elementId": 0,
      "formula": "0",
      "type": 0,
      "variance": 20
    },
    "description": "",
    "effects": [],
    "hitType": 0,
    "iconIndex": 0,
    "itypeId": 1,
    "name": "",
    "note": "",
    "occasion": 0,
    "price": 0,
    "repeats": 1,
    "scope": 7,
    "speed": 0,
    "successRate": 100,
    "tpGain": 0
  },
  {
    "id": 81,
    "animationId": 0,
    "consumable": true,
    "damage": {
      "critical": false,
      "elementId": 0,
      "formula": "0",
      "type": 0,
      "variance": 20
    },
    "description": "",
    "effects": [],
    "hitType": 0,
    "iconIndex": 0,
    "itypeId": 1,
    "name": "",
    "note": "",
    "occasion": 0,
    "price": 0,
    "repeats": 1,
    "scope": 7,
    "speed": 0,
    "successRate": 100,
    "tpGain": 0
  },
  {
    "id": 82,
    "animationId": 0,
    "consumable": true,
    "damage": {
      "critical": false,
      "elementId": 0,
      "formula": "0",
      "type": 0,
      "variance": 20
    },
    "description": "",
    "effects": [],
    "hitType": 0,
    "iconIndex": 0,
    "itypeId": 1,
    "name": "",
    "note": "",
    "occasion": 0,
    "price": 0,
    "repeats": 1,
    "scope": 7,
    "speed": 0,
    "successRate": 100,
    "tpGain": 0
  },
  {
    "id": 83,
    "animationId": 0,
    "consumable": true,
    "damage": {
      "critical": false,
      "elementId": 0,
      "formula": "0",
      "type": 0,
      "variance": 20
    },
    "description": "",
    "effects": [],
    "hitType": 0,
    "iconIndex": 0,
    "itypeId": 1,
    "name": "",
    "note": "",
    "occasion": 0,
    "price": 0,
    "repeats": 1,
    "scope": 7,
    "speed": 0,
    "successRate": 100,
    "tpGain": 0
  },
  {
    "id": 84,
    "animationId": 0,
    "consumable": true,
    "damage": {
      "critical": false,
      "elementId": 0,
      "formula": "0",
      "type": 0,
      "variance": 20
    },
    "description": "",
    "effects": [],
    "hitType": 0,
    "iconIndex": 0,
    "itypeId": 1,
    "name": "",
    "note": "",
    "occasion": 0,
    "price": 0,
    "repeats": 1,
    "scope": 7,
    "speed": 0,
    "successRate": 100,
    "tpGain": 0
  },
  {
    "id": 85,
    "animationId": 0,
    "consumable": true,
    "damage": {
      "critical": false,
      "elementId": 0,
      "formula": "0",
      "type": 0,
      "variance": 20
    },
    "description": "",
    "effects": [],
    "hitType": 0,
    "iconIndex": 0,
    "itypeId": 1,
    "name": "",
    "note": "",
    "occasion": 0,
    "price": 0,
    "repeats": 1,
    "scope": 7,
    "speed": 0,
    "successRate": 100,
    "tpGain": 0
  },
  {
    "id": 86,
    "animationId": 0,
    "consumable": true,
    "damage": {
      "critical": false,
      "elementId": 0,
      "formula": "0",
      "type": 0,
      "variance": 20
    },
    "description": "",
    "effects": [],
    "hitType": 0,
    "iconIndex": 0,
    "itypeId": 1,
    "name": "",
    "note": "",
    "occasion": 0,
    "price": 0,
    "repeats": 1,
    "scope": 7,
    "speed": 0,
    "successRate": 100,
    "tpGain": 0
  },
  {
    "id": 87,
    "animationId": 0,
    "consumable": true,
    "damage": {
      "critical": false,
      "elementId": 0,
      "formula": "0",
      "type": 0,
      "variance": 20
    },
    "description": "",
    "effects": [],
    "hitType": 0,
    "iconIndex": 0,
    "itypeId": 1,
    "name": "",
    "note": "",
    "occasion": 0,
    "price": 0,
    "repeats": 1,
    "scope": 7,
    "speed": 0,
    "successRate": 100,
    "tpGain": 0
  },
  {
    "id": 88,
    "animationId": 0,
    "consumable": true,
    "damage": {
      "critical": false,
      "elementId": 0,
      "formula": "0",
      "type": 0,
      "variance": 20
    },
    "description": "",
    "effects": [],
    "hitType": 0,
    "iconIndex": 0,
    "itypeId": 1,
    "name": "",
    "note": "",
    "occasion": 0,
    "price": 0,
    "repeats": 1,
    "scope": 7,
    "speed": 0,
    "successRate": 100,
    "tpGain": 0
  },
  {
    "id": 89,
    "animationId": 0,
    "consumable": true,
    "damage": {
      "critical": false,
      "elementId": 0,
      "formula": "0",
      "type": 0,
      "variance": 20
    },
    "description": "",
    "effects": [],
    "hitType": 0,
    "iconIndex": 0,
    "itypeId": 1,
    "name": "",
    "note": "",
    "occasion": 0,
    "price": 0,
    "repeats": 1,
    "scope": 7,
    "speed": 0,
    "successRate": 100,
    "tpGain": 0
  },
  {
    "id": 90,
    "animationId": 0,
    "consumable": true,
    "damage": {
      "critical": false,
      "elementId": 0,
      "formula": "0",
      "type": 0,
      "variance": 20
    },
    "description": "",
    "effects": [],
    "hitType": 0,
    "iconIndex": 0,
    "itypeId": 1,
    "name": "",
    "note": "",
    "occasion": 0,
    "price": 0,
    "repeats": 1,
    "scope": 7,
    "speed": 0,
    "successRate": 100,
    "tpGain": 0
  },
  {
    "id": 91,
    "animationId": 0,
    "consumable": true,
    "damage": {
      "critical": false,
      "elementId": 0,
      "formula": "0",
      "type": 0,
      "variance": 20
    },
    "description": "",
    "effects": [],
    "hitType": 0,
    "iconIndex": 0,
    "itypeId": 1,
    "name": "",
    "note": "",
    "occasion": 0,
    "price": 0,
    "repeats": 1,
    "scope": 7,
    "speed": 0,
    "successRate": 100,
    "tpGain": 0
  },
  {
    "id": 92,
    "animationId": 0,
    "consumable": true,
    "damage": {
      "critical": false,
      "elementId": 0,
      "formula": "0",
      "type": 0,
      "variance": 20
    },
    "description": "",
    "effects": [],
    "hitType": 0,
    "iconIndex": 0,
    "itypeId": 1,
    "name": "",
    "note": "",
    "occasion": 0,
    "price": 0,
    "repeats": 1,
    "scope": 7,
    "speed": 0,
    "successRate": 100,
    "tpGain": 0
  },
  {
    "id": 93,
    "animationId": 0,
    "consumable": true,
    "damage": {
      "critical": false,
      "elementId": 0,
      "formula": "0",
      "type": 0,
      "variance": 20
    },
    "description": "",
    "effects": [],
    "hitType": 0,
    "iconIndex": 0,
    "itypeId": 1,
    "name": "",
    "note": "",
    "occasion": 0,
    "price": 0,
    "repeats": 1,
    "scope": 7,
    "speed": 0,
    "successRate": 100,
    "tpGain": 0
  },
  {
    "id": 94,
    "animationId": 0,
    "consumable": true,
    "damage": {
      "critical": false,
      "elementId": 0,
      "formula": "0",
      "type": 0,
      "variance": 20
    },
    "description": "",
    "effects": [],
    "hitType": 0,
    "iconIndex": 0,
    "itypeId": 1,
    "name": "",
    "note": "",
    "occasion": 0,
    "price": 0,
    "repeats": 1,
    "scope": 7,
    "speed": 0,
    "successRate": 100,
    "tpGain": 0
  },
  {
    "id": 95,
    "animationId": 0,
    "consumable": true,
    "damage": {
      "critical": false,
      "elementId": 0,
      "formula": "0",
      "type": 0,
      "variance": 20
    },
    "description": "",
    "effects": [],
    "hitType": 0,
    "iconIndex": 0,
    "itypeId": 1,
    "name": "",
    "note": "",
    "occasion": 0,
    "price": 0,
    "repeats": 1,
    "scope": 7,
    "speed": 0,
    "successRate": 100,
    "tpGain": 0
  },
  {
    "id": 96,
    "animationId": 0,
    "consumable": true,
    "damage": {
      "critical": false,
      "elementId": 0,
      "formula": "0",
      "type": 0,
      "variance": 20
    },
    "description": "",
    "effects": [],
    "hitType": 0,
    "iconIndex": 0,
    "itypeId": 1,
    "name": "",
    "note": "",
    "occasion": 0,
    "price": 0,
    "repeats": 1,
    "scope": 7,
    "speed": 0,
    "successRate": 100,
    "tpGain": 0
  },
  {
    "id": 97,
    "animationId": 0,
    "consumable": true,
    "damage": {
      "critical": false,
      "elementId": 0,
      "formula": "0",
      "type": 0,
      "variance": 20
    },
    "description": "",
    "effects": [],
    "hitType": 0,
    "iconIndex": 0,
    "itypeId": 1,
    "name": "",
    "note": "",
    "occasion": 0,
    "price": 0,
    "repeats": 1,
    "scope": 7,
    "speed": 0,
    "successRate": 100,
    "tpGain": 0
  },
  {
    "id": 98,
    "animationId": 0,
    "consumable": true,
    "damage": {
      "critical": false,
      "elementId": 0,
      "formula": "0",
      "type": 0,
      "variance": 20
    },
    "description": "",
    "effects": [],
    "hitType": 0,
    "iconIndex": 0,
    "itypeId": 1,
    "name": "",
    "note": "",
    "occasion": 0,
    "price": 0,
    "repeats": 1,
    "scope": 7,
    "speed": 0,
    "successRate": 100,
    "tpGain": 0
  },
  {
    "id": 99,
    "animationId": 0,
    "consumable": true,
    "damage": {
      "critical": false,
      "elementId": 0,
      "formula": "0",
      "type": 0,
      "variance": 20
    },
    "description": "",
    "effects": [],
    "hitType": 0,
    "iconIndex": 0,
    "itypeId": 1,
    "name": "",
    "note": "",
    "occasion": 0,
    "price": 0,
    "repeats": 1,
    "scope": 7,
    "speed": 0,
    "successRate": 100,
    "tpGain": 0
  },
  {
    "id": 100,
    "animationId": 0,
    "consumable": true,
    "damage": {
      "critical": false,
      "elementId": 0,
      "formula": "0",
      "type": 0,
      "variance": 20
    },
    "description": "",
    "effects": [],
    "hitType": 0,
    "iconIndex": 0,
    "itypeId": 1,
    "name": "",
    "note": "",
    "occasion": 0,
    "price": 0,
    "repeats": 1,
    "scope": 7,
    "speed": 0,
    "successRate": 100,
    "tpGain": 0
  }
]