{
  "autoplayBgm": false,
  "autoplayBgs": false,
  "battleback1Name": "",
  "battleback2Name": "",
  "bgm": {
    "name": "",
    "pan": 0,
    "pitch": 100,
    "volume": 90
  },
  "bgs": {
    "name": "",
    "pan": 0,
    "pitch": 100,
    "volume": 90
  },
  "disableDashing": false,
  "displayName": "",
  "encounterList": [],
  "encounterStep": 30,
  "height": 1,
  "note": "",
  "parallaxLoopX": false,
  "parallaxLoopY": false,
  "parallaxName": "",
  "parallaxShow": true,
  "parallaxSx": 0,
  "parallaxSy": 0,
  "scrollType": 0,
  "specifyBattleback": false,
  "tilesetId": 1,
  "width": 1,
  "data": [
    0,
    0,
    0,
    0,
    0,
    0
  ],
  "events": []
}