[
  null,
  {
    "id": 1,
    "animationId": 2,
    "description": "Sua adaga confiável. Faz o trabalho.",
    "etypeId": 1,
    "traits": [
      {
        "code": 22,
        "dataId": 0,
        "value": 0
      },
      {
        "code": 31,
        "dataId": 4,
        "value": 1
      }
    ],
    "iconIndex": 96,
    "name": "Faca de Siffrin",
    "note": "<noq>\n<Menu Category: Equipment>\n<Sort Priority: 1>\n<Japanese Translation>\n[name]:シフランのナイフ\n[description]:頼れる短剣。仕事はこなせる。\n</Japanese Translation>",
    "params": [
      0,
      0,
      10,
      0,
      0,
      0,
      0,
      0
    ],
    "price": 500,
    "wtypeId": 1
  },
  {
    "id": 2,
    "animationId": 4,
    "description": "Luvas que batem forte e também estão no auge da moda.",
    "etypeId": 1,
    "traits": [
      {
        "code": 22,
        "dataId": 0,
        "value": 0
      },
      {
        "code": 31,
        "dataId": 2,
        "value": 1
      }
    ],
    "iconIndex": 97,
    "name": "Junta de Cristal",
    "note": "<noq>\n<Menu Category: Equipment>\n<Sort Priority: 5>\n<Japanese Translation>\n[name]:クリスタルナックル\n[description]:強烈な打撃を叩き込むグローブ。しかも超おしゃれ。\n</Japanese Translation>",
    "params": [
      0,
      0,
      12,
      0,
      0,
      0,
      0,
      0
    ],
    "price": 500,
    "wtypeId": 2
  },
  {
    "id": 3,
    "animationId": 3,
    "description": "Uma arma graciosa tornada mais forte com a vontade de uma Donzela.",
    "etypeId": 1,
    "traits": [
      {
        "code": 22,
        "dataId": 0,
        "value": 0
      },
      {
        "code": 31,
        "dataId": 4,
        "value": 1
      }
    ],
    "iconIndex": 99,
    "name": "Florete Brilhante",
    "note": "<noq>\n<Menu Category: Equipment>\n<Sort Priority: 3>\n<Japanese Translation>\n[name]:きらきらレイピア\n[description]:侍祭の意志によって強度を増した優美な武器。\n</Japanese Translation>",
    "params": [
      0,
      0,
      11,
      0,
      0,
      0,
      0,
      0
    ],
    "price": 500,
    "wtypeId": 4
  },
  {
    "id": 4,
    "animationId": 5,
    "description": "Um livro de feitiços incrivelmente denso. Ou talvez seja um livro de contos de fadas...",
    "etypeId": 1,
    "traits": [
      {
        "code": 22,
        "dataId": 0,
        "value": 0
      },
      {
        "code": 31,
        "dataId": 3,
        "value": 1
      }
    ],
    "iconIndex": 98,
    "name": "Livro denso",
    "note": "<noq>\n<Menu Category: Equipment>\n<Sort Priority: 7>\n<Japanese Translation>\n[name]:ぶあつい本\n[description]:呪文が書き込まれたぶあつい本。童話本の可能性もあるけれど...\n</Japanese Translation>",
    "params": [
      0,
      0,
      15,
      0,
      0,
      0,
      0,
      0
    ],
    "price": 500,
    "wtypeId": 3
  },
  {
    "id": 5,
    "animationId": 6,
    "description": "Bom para cozinhar. Melhor para bater.",
    "etypeId": 1,
    "traits": [
      {
        "code": 31,
        "dataId": 1,
        "value": 0
      },
      {
        "code": 22,
        "dataId": 0,
        "value": 0
      }
    ],
    "iconIndex": 100,
    "name": "Frigideira",
    "note": "<noq>\n<Menu Category: Equipment>\n<Sort Priority: 9>\n<Japanese Translation>\n[name]:フライパン\n[description]:料理に活躍、ぶん殴るときに大活躍。\n</Japanese Translation>",
    "params": [
      0,
      0,
      12,
      0,
      0,
      0,
      0,
      0
    ],
    "price": 0,
    "wtypeId": 5
  },
  {
    "id": 6,
    "animationId": 0,
    "description": "",
    "etypeId": 1,
    "traits": [
      {
        "code": 31,
        "dataId": 1,
        "value": 0
      },
      {
        "code": 22,
        "dataId": 0,
        "value": 0
      }
    ],
    "iconIndex": 0,
    "name": "-[MAIS]-",
    "note": "",
    "params": [
      0,
      0,
      0,
      0,
      0,
      0,
      0,
      0
    ],
    "price": 0,
    "wtypeId": 0
  },
  {
    "id": 7,
    "animationId": 0,
    "description": "",
    "etypeId": 1,
    "traits": [
      {
        "code": 31,
        "dataId": 1,
        "value": 0
      },
      {
        "code": 22,
        "dataId": 0,
        "value": 0
      }
    ],
    "iconIndex": 96,
    "name": "-[SIFFRIN]-",
    "note": "<noq>\n<Menu Category: Equipment>\n<Sort Priority: 1>",
    "params": [
      0,
      0,
      0,
      0,
      0,
      0,
      0,
      0
    ],
    "price": 0,
    "wtypeId": 0
  },
  {
    "id": 8,
    "animationId": 0,
    "description": "",
    "etypeId": 1,
    "traits": [
      {
        "code": 31,
        "dataId": 1,
        "value": 0
      },
      {
        "code": 22,
        "dataId": 0,
        "value": 0
      },
      {
        "code": 44,
        "dataId": 1,
        "value": 1
      },
      {
        "code": 44,
        "dataId": 2,
        "value": 1
      }
    ],
    "iconIndex": 96,
    "name": "TutoKnife",
    "note": "<noq>\n<Menu Category: Equipment>\n<Sort Priority: 1>",
    "params": [
      0,
      0,
      0,
      0,
      0,
      0,
      0,
      0
    ],
    "price": 0,
    "wtypeId": 1
  },
  {
    "id": 9,
    "animationId": 2,
    "description": "Não é tão fácil de manejar. Corta tudo.\n[Aumenta o ATK, diminui o ATKSPD.]",
    "etypeId": 1,
    "traits": [
      {
        "code": 22,
        "dataId": 0,
        "value": 0
      },
      {
        "code": 31,
        "dataId": 4,
        "value": 1
      }
    ],
    "iconIndex": 96,
    "name": "Tesoura de jardim",
    "note": "<noq>\n<Menu Category: Equipment>\n<Sort Priority: 1>\n<Japanese Translation>\n[name]:園芸ばさみ\n[description]:扱いは簡単じゃないけれど、なんでも切れる。<br>[攻撃力がアップ。攻撃速度がダウン。]\n</Japanese Translation>",
    "params": [
      0,
      0,
      25,
      0,
      0,
      0,
      -10,
      0
    ],
    "price": 500,
    "wtypeId": 1
  },
  {
    "id": 10,
    "animationId": 0,
    "description": "",
    "etypeId": 1,
    "traits": [
      {
        "code": 31,
        "dataId": 1,
        "value": 0
      },
      {
        "code": 22,
        "dataId": 0,
        "value": 0
      }
    ],
    "iconIndex": 0,
    "name": "",
    "note": "",
    "params": [
      0,
      0,
      0,
      0,
      0,
      0,
      0,
      0
    ],
    "price": 0,
    "wtypeId": 0
  },
  {
    "id": 11,
    "animationId": 0,
    "description": "",
    "etypeId": 1,
    "traits": [
      {
        "code": 31,
        "dataId": 1,
        "value": 0
      },
      {
        "code": 22,
        "dataId": 0,
        "value": 0
      }
    ],
    "iconIndex": 0,
    "name": "",
    "note": "",
    "params": [
      0,
      0,
      0,
      0,
      0,
      0,
      0,
      0
    ],
    "price": 0,
    "wtypeId": 0
  },
  {
    "id": 12,
    "animationId": 2,
    "description": "\\}Uma lâmina oferecida pelo Deus da Mudança e afiada por você.\n[Aumenta o ATK ao lutar contra o Rei.]",
    "etypeId": 1,
    "traits": [
      {
        "code": 31,
        "dataId": 1,
        "value": 0
      },
      {
        "code": 22,
        "dataId": 0,
        "value": 0
      }
    ],
    "iconIndex": 96,
    "name": "Chave de faca",
    "note": "<noq>\n<Menu Category: Equipment>\n<Sort Priority: 1>\n<Japanese Translation>\n[name]:ナイフキー\n[description]:\\}ウツロイの神から与えられた刃物。ただし砥ぐのは自分。<br>[王と戦うときは攻撃力がアップ。]\n</Japanese Translation>",
    "params": [
      0,
      0,
      17,
      5,
      0,
      0,
      10,
      0
    ],
    "price": 0,
    "wtypeId": 1
  },
  {
    "id": 13,
    "animationId": 0,
    "description": "",
    "etypeId": 1,
    "traits": [
      {
        "code": 31,
        "dataId": 1,
        "value": 0
      },
      {
        "code": 22,
        "dataId": 0,
        "value": 0
      }
    ],
    "iconIndex": 97,
    "name": "-[É UM]-",
    "note": "<noq>\n<Menu Category: Equipment>\n<Sort Priority: 7>",
    "params": [
      0,
      0,
      0,
      0,
      0,
      0,
      0,
      0
    ],
    "price": 0,
    "wtypeId": 2
  },
  {
    "id": 14,
    "animationId": 0,
    "description": "",
    "etypeId": 1,
    "traits": [
      {
        "code": 31,
        "dataId": 1,
        "value": 0
      },
      {
        "code": 22,
        "dataId": 0,
        "value": 0
      }
    ],
    "iconIndex": 0,
    "name": "",
    "note": "",
    "params": [
      0,
      0,
      0,
      0,
      0,
      0,
      0,
      0
    ],
    "price": 0,
    "wtypeId": 0
  },
  {
    "id": 15,
    "animationId": 0,
    "description": "",
    "etypeId": 1,
    "traits": [
      {
        "code": 31,
        "dataId": 1,
        "value": 0
      },
      {
        "code": 22,
        "dataId": 0,
        "value": 0
      }
    ],
    "iconIndex": 0,
    "name": "",
    "note": "",
    "params": [
      0,
      0,
      0,
      0,
      0,
      0,
      0,
      0
    ],
    "price": 0,
    "wtypeId": 0
  },
  {
    "id": 16,
    "animationId": 15,
    "description": "Atinge surpreendentemente o papel.\n[Ataques normais tornam-se ataques PAPEL.]",
    "etypeId": 1,
    "traits": [
      {
        "code": 31,
        "dataId": 3,
        "value": 0
      },
      {
        "code": 22,
        "dataId": 0,
        "value": 0
      }
    ],
    "iconIndex": 97,
    "name": "Mãos de papel machê",
    "note": "<noq>\n<Menu Category: Equipment>\n<Sort Priority: 5>\nadded\n<Replace Attack: 5>\n<Replace Attack: AttackP>\n<Japanese Translation>\n[name]:紙細工ハンド\n[description]:紙なのに威力がすごい。<br>[通常攻撃がパー属性になる。]\n</Japanese Translation>",
    "params": [
      0,
      0,
      12,
      0,
      0,
      0,
      0,
      0
    ],
    "price": 0,
    "wtypeId": 2
  },
  {
    "id": 17,
    "animationId": 0,
    "description": "",
    "etypeId": 1,
    "traits": [
      {
        "code": 31,
        "dataId": 1,
        "value": 0
      },
      {
        "code": 22,
        "dataId": 0,
        "value": 0
      }
    ],
    "iconIndex": 0,
    "name": "",
    "note": "",
    "params": [
      0,
      0,
      0,
      0,
      0,
      0,
      0,
      0
    ],
    "price": 0,
    "wtypeId": 0
  },
  {
    "id": 18,
    "animationId": 0,
    "description": "",
    "etypeId": 1,
    "traits": [
      {
        "code": 31,
        "dataId": 1,
        "value": 0
      },
      {
        "code": 22,
        "dataId": 0,
        "value": 0
      }
    ],
    "iconIndex": 0,
    "name": "",
    "note": "",
    "params": [
      0,
      0,
      0,
      0,
      0,
      0,
      0,
      0
    ],
    "price": 0,
    "wtypeId": 0
  },
  {
    "id": 19,
    "animationId": 0,
    "description": "",
    "etypeId": 1,
    "traits": [
      {
        "code": 31,
        "dataId": 1,
        "value": 0
      },
      {
        "code": 22,
        "dataId": 0,
        "value": 0
      }
    ],
    "iconIndex": 99,
    "name": "-[MIRA]-",
    "note": "<noq>\n<Menu Category: Equipment>\n<Sort Priority: 4>",
    "params": [
      0,
      0,
      0,
      0,
      0,
      0,
      0,
      0
    ],
    "price": 0,
    "wtypeId": 4
  },
  {
    "id": 20,
    "animationId": 3,
    "description": "Um florete feito para a batalha... e pontos grandes. Protegido pela nitidez.",
    "etypeId": 1,
    "traits": [],
    "iconIndex": 99,
    "name": "Espada de Agulha",
    "note": "<noq>\n<Menu Category: Equipment>\n<Sort Priority: 3>\n<Japanese Translation>\n[name]:ニードルソード\n[description]:戦闘だけでなく大掛かりな針仕事にも使えるレイピア。鋭くて丈夫。\n</Japanese Translation>",
    "params": [
      0,
      0,
      9,
      8,
      0,
      0,
      0,
      0
    ],
    "price": 0,
    "wtypeId": 4
  },
  {
    "id": 21,
    "animationId": 0,
    "description": "",
    "etypeId": 1,
    "traits": [
      {
        "code": 31,
        "dataId": 1,
        "value": 0
      },
      {
        "code": 22,
        "dataId": 0,
        "value": 0
      }
    ],
    "iconIndex": 0,
    "name": "",
    "note": "",
    "params": [
      0,
      0,
      0,
      0,
      0,
      0,
      0,
      0
    ],
    "price": 0,
    "wtypeId": 0
  },
  {
    "id": 22,
    "animationId": 0,
    "description": "",
    "etypeId": 1,
    "traits": [
      {
        "code": 31,
        "dataId": 1,
        "value": 0
      },
      {
        "code": 22,
        "dataId": 0,
        "value": 0
      }
    ],
    "iconIndex": 0,
    "name": "",
    "note": "",
    "params": [
      0,
      0,
      0,
      0,
      0,
      0,
      0,
      0
    ],
    "price": 0,
    "wtypeId": 0
  },
  {
    "id": 23,
    "animationId": 0,
    "description": "",
    "etypeId": 1,
    "traits": [
      {
        "code": 31,
        "dataId": 1,
        "value": 0
      },
      {
        "code": 22,
        "dataId": 0,
        "value": 0
      }
    ],
    "iconIndex": 0,
    "name": "",
    "note": "",
    "params": [
      0,
      0,
      0,
      0,
      0,
      0,
      0,
      0
    ],
    "price": 0,
    "wtypeId": 0
  },
  {
    "id": 24,
    "animationId": 0,
    "description": "",
    "etypeId": 1,
    "traits": [
      {
        "code": 31,
        "dataId": 1,
        "value": 0
      },
      {
        "code": 22,
        "dataId": 0,
        "value": 0
      }
    ],
    "iconIndex": 0,
    "name": "",
    "note": "",
    "params": [
      0,
      0,
      0,
      0,
      0,
      0,
      0,
      0
    ],
    "price": 0,
    "wtypeId": 0
  },
  {
    "id": 25,
    "animationId": 0,
    "description": "",
    "etypeId": 1,
    "traits": [
      {
        "code": 31,
        "dataId": 1,
        "value": 0
      },
      {
        "code": 22,
        "dataId": 0,
        "value": 0
      }
    ],
    "iconIndex": 98,
    "name": "-[ODILO]-",
    "note": "<noq>\n<Menu Category: Equipment>\n<Sort Priority: 10>",
    "params": [
      0,
      0,
      0,
      0,
      0,
      0,
      0,
      0
    ],
    "price": 0,
    "wtypeId": 3
  },
  {
    "id": 26,
    "animationId": 5,
    "description": "\\}Se você consegue nocautear alguém com isso, é uma arma. [Aumenta o ATQ,\nmas +1 COOLDOWN para todas as habilidades de artesanato.]",
    "etypeId": 1,
    "traits": [],
    "iconIndex": 98,
    "name": "Livro Pesado",
    "note": "<noq>\n<Menu Category: Equipment>\n<Sort Priority: 7>\n<Global Cooldown: +1>\n<Japanese Translation>\n[name]:重たい本\n[description]:\\}誰かを失神させられるなら、それはもう武器だ。<br>[攻撃力がアップ、クラフトスキルのクールダウンが1ターン増加。]\n</Japanese Translation>",
    "params": [
      0,
      0,
      27,
      0,
      0,
      0,
      0,
      0
    ],
    "price": 0,
    "wtypeId": 3
  },
  {
    "id": 27,
    "animationId": 5,
    "description": "O início de uma aventura.\n[Aumenta a CRITCHANCE.]",
    "etypeId": 1,
    "traits": [
      {
        "code": 22,
        "dataId": 2,
        "value": 0.06
      }
    ],
    "iconIndex": 98,
    "name": "Primeira Edição",
    "note": "<noq>\n<Menu Category: Equipment>\n<Sort Priority: 7>\n<Japanese Translation>\n[name]:初版本\n[description]:冒険のはじまり。<br>[クリティカル率がアップ。]\n</Japanese Translation>",
    "params": [
      0,
      0,
      18,
      0,
      0,
      0,
      0,
      0
    ],
    "price": 0,
    "wtypeId": 3
  },
  {
    "id": 28,
    "animationId": 0,
    "description": "",
    "etypeId": 1,
    "traits": [
      {
        "code": 31,
        "dataId": 1,
        "value": 0
      },
      {
        "code": 22,
        "dataId": 0,
        "value": 0
      }
    ],
    "iconIndex": 0,
    "name": "",
    "note": "",
    "params": [
      0,
      0,
      0,
      0,
      0,
      0,
      0,
      0
    ],
    "price": 0,
    "wtypeId": 0
  },
  {
    "id": 29,
    "animationId": 0,
    "description": "",
    "etypeId": 1,
    "traits": [
      {
        "code": 31,
        "dataId": 1,
        "value": 0
      },
      {
        "code": 22,
        "dataId": 0,
        "value": 0
      }
    ],
    "iconIndex": 0,
    "name": "",
    "note": "",
    "params": [
      0,
      0,
      0,
      0,
      0,
      0,
      0,
      0
    ],
    "price": 0,
    "wtypeId": 0
  },
  {
    "id": 30,
    "animationId": 0,
    "description": "",
    "etypeId": 1,
    "traits": [
      {
        "code": 31,
        "dataId": 1,
        "value": 0
      },
      {
        "code": 22,
        "dataId": 0,
        "value": 0
      }
    ],
    "iconIndex": 0,
    "name": "",
    "note": "",
    "params": [
      0,
      0,
      0,
      0,
      0,
      0,
      0,
      0
    ],
    "price": 0,
    "wtypeId": 0
  },
  {
    "id": 31,
    "animationId": 6,
    "description": "",
    "etypeId": 1,
    "traits": [
      {
        "code": 31,
        "dataId": 1,
        "value": 0
      },
      {
        "code": 22,
        "dataId": 0,
        "value": 0
      }
    ],
    "iconIndex": 0,
    "name": "-[BONNIE]-",
    "note": "<noq>\n<Menu Category: Equipment>\n<Sort Priority: 13>",
    "params": [
      0,
      0,
      0,
      0,
      0,
      0,
      0,
      0
    ],
    "price": 0,
    "wtypeId": 5
  },
  {
    "id": 32,
    "animationId": 6,
    "description": "Hm... Panquecas...\n[Os buffs de Bonnie sempre aumentarão o \\i[34]ATAQUE.]",
    "etypeId": 1,
    "traits": [
      {
        "code": 31,
        "dataId": 1,
        "value": 0
      },
      {
        "code": 22,
        "dataId": 0,
        "value": 0
      }
    ],
    "iconIndex": 100,
    "name": "Grelha",
    "note": "<noq>\n<Menu Category: Equipment>\n<Sort Priority: 9>\n<Japanese Translation>\n[name]:グリドルパン\n[description]:パンケーキか... むむむ...<br>[ボニーのバフが常に\\i[34]攻撃力を強化。]\n</Japanese Translation>",
    "params": [
      0,
      0,
      13,
      0,
      0,
      0,
      0,
      0
    ],
    "price": 0,
    "wtypeId": 5
  },
  {
    "id": 33,
    "animationId": 6,
    "description": "Faça vegetais que o deixarão forte!\n[Os buffs de Bonnie sempre aumentarão a \\i[35]DEFESA.]",
    "etypeId": 1,
    "traits": [
      {
        "code": 31,
        "dataId": 1,
        "value": 0
      },
      {
        "code": 22,
        "dataId": 0,
        "value": 0
      }
    ],
    "iconIndex": 100,
    "name": "Wok",
    "note": "<noq>\n<Menu Category: Equipment>\n<Sort Priority: 9>\n<Japanese Translation>\n[name]:鉄なべ\n[description]:野菜を食べて丈夫になろう！<br>[ボニーのバフが常に\\i[35]防御力を強化。]\n</Japanese Translation>",
    "params": [
      0,
      0,
      9,
      0,
      0,
      0,
      0,
      0
    ],
    "price": 0,
    "wtypeId": 5
  },
  {
    "id": 34,
    "animationId": 6,
    "description": "Ferva as coisas. Quente! Quente, quente, quente!<br>\n[Os buffs de Bonnie sempre aumentarão o \\i[10]ATKSPD.]",
    "etypeId": 1,
    "traits": [
      {
        "code": 31,
        "dataId": 1,
        "value": 0
      },
      {
        "code": 22,
        "dataId": 0,
        "value": 0
      }
    ],
    "iconIndex": 100,
    "name": "*Panela",
    "note": "<noq>\n<Menu Category: Equipment>\n<Sort Priority: 9>",
    "params": [
      0,
      0,
      11,
      0,
      0,
      0,
      0,
      0
    ],
    "price": 0,
    "wtypeId": 5
  },
  {
    "id": 35,
    "animationId": 6,
    "description": "Trate-o com cuidado, ele lhe servirá bem.",
    "etypeId": 1,
    "traits": [
      {
        "code": 31,
        "dataId": 1,
        "value": 0
      },
      {
        "code": 22,
        "dataId": 0,
        "value": 0
      }
    ],
    "iconIndex": 100,
    "name": "*Panela de ferro fundido",
    "note": "<noq>\n<Menu Category: Equipment>\n<Sort Priority: 9>",
    "params": [
      0,
      0,
      50,
      0,
      0,
      0,
      0,
      0
    ],
    "price": 0,
    "wtypeId": 5
  },
  {
    "id": 36,
    "animationId": 0,
    "description": "",
    "etypeId": 1,
    "traits": [
      {
        "code": 31,
        "dataId": 1,
        "value": 0
      },
      {
        "code": 22,
        "dataId": 0,
        "value": 0
      }
    ],
    "iconIndex": 0,
    "name": "",
    "note": "",
    "params": [
      0,
      0,
      0,
      0,
      0,
      0,
      0,
      0
    ],
    "price": 0,
    "wtypeId": 0
  },
  {
    "id": 37,
    "animationId": 0,
    "description": "",
    "etypeId": 1,
    "traits": [
      {
        "code": 31,
        "dataId": 1,
        "value": 0
      },
      {
        "code": 22,
        "dataId": 0,
        "value": 0
      }
    ],
    "iconIndex": 0,
    "name": "",
    "note": "",
    "params": [
      0,
      0,
      0,
      0,
      0,
      0,
      0,
      0
    ],
    "price": 0,
    "wtypeId": 0
  },
  {
    "id": 38,
    "animationId": 0,
    "description": "",
    "etypeId": 1,
    "traits": [
      {
        "code": 31,
        "dataId": 1,
        "value": 0
      },
      {
        "code": 22,
        "dataId": 0,
        "value": 0
      }
    ],
    "iconIndex": 0,
    "name": "",
    "note": "",
    "params": [
      0,
      0,
      0,
      0,
      0,
      0,
      0,
      0
    ],
    "price": 0,
    "wtypeId": 0
  },
  {
    "id": 39,
    "animationId": 0,
    "description": "",
    "etypeId": 1,
    "traits": [
      {
        "code": 31,
        "dataId": 1,
        "value": 0
      },
      {
        "code": 22,
        "dataId": 0,
        "value": 0
      }
    ],
    "iconIndex": 0,
    "name": "",
    "note": "",
    "params": [
      0,
      0,
      0,
      0,
      0,
      0,
      0,
      0
    ],
    "price": 0,
    "wtypeId": 0
  },
  {
    "id": 40,
    "animationId": 0,
    "description": "",
    "etypeId": 1,
    "traits": [
      {
        "code": 31,
        "dataId": 1,
        "value": 0
      },
      {
        "code": 22,
        "dataId": 0,
        "value": 0
      }
    ],
    "iconIndex": 0,
    "name": "",
    "note": "",
    "params": [
      0,
      0,
      0,
      0,
      0,
      0,
      0,
      0
    ],
    "price": 0,
    "wtypeId": 0
  },
  {
    "id": 41,
    "animationId": 0,
    "description": "",
    "etypeId": 1,
    "traits": [
      {
        "code": 31,
        "dataId": 1,
        "value": 0
      },
      {
        "code": 22,
        "dataId": 0,
        "value": 0
      }
    ],
    "iconIndex": 0,
    "name": "",
    "note": "",
    "params": [
      0,
      0,
      0,
      0,
      0,
      0,
      0,
      0
    ],
    "price": 0,
    "wtypeId": 0
  },
  {
    "id": 42,
    "animationId": 0,
    "description": "",
    "etypeId": 1,
    "traits": [
      {
        "code": 31,
        "dataId": 1,
        "value": 0
      },
      {
        "code": 22,
        "dataId": 0,
        "value": 0
      }
    ],
    "iconIndex": 0,
    "name": "",
    "note": "",
    "params": [
      0,
      0,
      0,
      0,
      0,
      0,
      0,
      0
    ],
    "price": 0,
    "wtypeId": 0
  },
  {
    "id": 43,
    "animationId": 0,
    "description": "",
    "etypeId": 1,
    "traits": [
      {
        "code": 31,
        "dataId": 1,
        "value": 0
      },
      {
        "code": 22,
        "dataId": 0,
        "value": 0
      }
    ],
    "iconIndex": 0,
    "name": "",
    "note": "",
    "params": [
      0,
      0,
      0,
      0,
      0,
      0,
      0,
      0
    ],
    "price": 0,
    "wtypeId": 0
  },
  {
    "id": 44,
    "animationId": 0,
    "description": "",
    "etypeId": 1,
    "traits": [
      {
        "code": 31,
        "dataId": 1,
        "value": 0
      },
      {
        "code": 22,
        "dataId": 0,
        "value": 0
      }
    ],
    "iconIndex": 0,
    "name": "",
    "note": "",
    "params": [
      0,
      0,
      0,
      0,
      0,
      0,
      0,
      0
    ],
    "price": 0,
    "wtypeId": 0
  },
  {
    "id": 45,
    "animationId": 0,
    "description": "",
    "etypeId": 1,
    "traits": [
      {
        "code": 31,
        "dataId": 1,
        "value": 0
      },
      {
        "code": 22,
        "dataId": 0,
        "value": 0
      }
    ],
    "iconIndex": 0,
    "name": "",
    "note": "",
    "params": [
      0,
      0,
      0,
      0,
      0,
      0,
      0,
      0
    ],
    "price": 0,
    "wtypeId": 0
  },
  {
    "id": 46,
    "animationId": 0,
    "description": "",
    "etypeId": 1,
    "traits": [
      {
        "code": 31,
        "dataId": 1,
        "value": 0
      },
      {
        "code": 22,
        "dataId": 0,
        "value": 0
      }
    ],
    "iconIndex": 0,
    "name": "",
    "note": "",
    "params": [
      0,
      0,
      0,
      0,
      0,
      0,
      0,
      0
    ],
    "price": 0,
    "wtypeId": 0
  },
  {
    "id": 47,
    "animationId": 0,
    "description": "",
    "etypeId": 1,
    "traits": [
      {
        "code": 31,
        "dataId": 1,
        "value": 0
      },
      {
        "code": 22,
        "dataId": 0,
        "value": 0
      }
    ],
    "iconIndex": 0,
    "name": "",
    "note": "",
    "params": [
      0,
      0,
      0,
      0,
      0,
      0,
      0,
      0
    ],
    "price": 0,
    "wtypeId": 0
  },
  {
    "id": 48,
    "animationId": 0,
    "description": "",
    "etypeId": 1,
    "traits": [
      {
        "code": 31,
        "dataId": 1,
        "value": 0
      },
      {
        "code": 22,
        "dataId": 0,
        "value": 0
      }
    ],
    "iconIndex": 0,
    "name": "",
    "note": "",
    "params": [
      0,
      0,
      0,
      0,
      0,
      0,
      0,
      0
    ],
    "price": 0,
    "wtypeId": 0
  },
  {
    "id": 49,
    "animationId": 0,
    "description": "",
    "etypeId": 1,
    "traits": [
      {
        "code": 31,
        "dataId": 1,
        "value": 0
      },
      {
        "code": 22,
        "dataId": 0,
        "value": 0
      }
    ],
    "iconIndex": 0,
    "name": "",
    "note": "",
    "params": [
      0,
      0,
      0,
      0,
      0,
      0,
      0,
      0
    ],
    "price": 0,
    "wtypeId": 0
  },
  {
    "id": 50,
    "animationId": 0,
    "description": "",
    "etypeId": 1,
    "traits": [
      {
        "code": 31,
        "dataId": 1,
        "value": 0
      },
      {
        "code": 22,
        "dataId": 0,
        "value": 0
      }
    ],
    "iconIndex": 0,
    "name": "",
    "note": "",
    "params": [
      0,
      0,
      0,
      0,
      0,
      0,
      0,
      0
    ],
    "price": 0,
    "wtypeId": 0
  },
  {
    "id": 51,
    "animationId": 0,
    "description": "",
    "etypeId": 1,
    "traits": [
      {
        "code": 31,
        "dataId": 1,
        "value": 0
      },
      {
        "code": 22,
        "dataId": 0,
        "value": 0
      }
    ],
    "iconIndex": 0,
    "name": "",
    "note": "",
    "params": [
      0,
      0,
      0,
      0,
      0,
      0,
      0,
      0
    ],
    "price": 0,
    "wtypeId": 0
  },
  {
    "id": 52,
    "animationId": 0,
    "description": "",
    "etypeId": 1,
    "traits": [
      {
        "code": 31,
        "dataId": 1,
        "value": 0
      },
      {
        "code": 22,
        "dataId": 0,
        "value": 0
      }
    ],
    "iconIndex": 0,
    "name": "",
    "note": "",
    "params": [
      0,
      0,
      0,
      0,
      0,
      0,
      0,
      0
    ],
    "price": 0,
    "wtypeId": 0
  },
  {
    "id": 53,
    "animationId": 0,
    "description": "",
    "etypeId": 1,
    "traits": [
      {
        "code": 31,
        "dataId": 1,
        "value": 0
      },
      {
        "code": 22,
        "dataId": 0,
        "value": 0
      }
    ],
    "iconIndex": 0,
    "name": "",
    "note": "",
    "params": [
      0,
      0,
      0,
      0,
      0,
      0,
      0,
      0
    ],
    "price": 0,
    "wtypeId": 0
  },
  {
    "id": 54,
    "animationId": 0,
    "description": "",
    "etypeId": 1,
    "traits": [
      {
        "code": 31,
        "dataId": 1,
        "value": 0
      },
      {
        "code": 22,
        "dataId": 0,
        "value": 0
      }
    ],
    "iconIndex": 0,
    "name": "",
    "note": "",
    "params": [
      0,
      0,
      0,
      0,
      0,
      0,
      0,
      0
    ],
    "price": 0,
    "wtypeId": 0
  },
  {
    "id": 55,
    "animationId": 0,
    "description": "",
    "etypeId": 1,
    "traits": [
      {
        "code": 31,
        "dataId": 1,
        "value": 0
      },
      {
        "code": 22,
        "dataId": 0,
        "value": 0
      }
    ],
    "iconIndex": 0,
    "name": "",
    "note": "",
    "params": [
      0,
      0,
      0,
      0,
      0,
      0,
      0,
      0
    ],
    "price": 0,
    "wtypeId": 0
  },
  {
    "id": 56,
    "animationId": 0,
    "description": "",
    "etypeId": 1,
    "traits": [
      {
        "code": 31,
        "dataId": 1,
        "value": 0
      },
      {
        "code": 22,
        "dataId": 0,
        "value": 0
      }
    ],
    "iconIndex": 0,
    "name": "",
    "note": "",
    "params": [
      0,
      0,
      0,
      0,
      0,
      0,
      0,
      0
    ],
    "price": 0,
    "wtypeId": 0
  },
  {
    "id": 57,
    "animationId": 0,
    "description": "",
    "etypeId": 1,
    "traits": [
      {
        "code": 31,
        "dataId": 1,
        "value": 0
      },
      {
        "code": 22,
        "dataId": 0,
        "value": 0
      }
    ],
    "iconIndex": 0,
    "name": "",
    "note": "",
    "params": [
      0,
      0,
      0,
      0,
      0,
      0,
      0,
      0
    ],
    "price": 0,
    "wtypeId": 0
  },
  {
    "id": 58,
    "animationId": 0,
    "description": "",
    "etypeId": 1,
    "traits": [
      {
        "code": 31,
        "dataId": 1,
        "value": 0
      },
      {
        "code": 22,
        "dataId": 0,
        "value": 0
      }
    ],
    "iconIndex": 0,
    "name": "",
    "note": "",
    "params": [
      0,
      0,
      0,
      0,
      0,
      0,
      0,
      0
    ],
    "price": 0,
    "wtypeId": 0
  },
  {
    "id": 59,
    "animationId": 0,
    "description": "",
    "etypeId": 1,
    "traits": [
      {
        "code": 31,
        "dataId": 1,
        "value": 0
      },
      {
        "code": 22,
        "dataId": 0,
        "value": 0
      }
    ],
    "iconIndex": 0,
    "name": "",
    "note": "",
    "params": [
      0,
      0,
      0,
      0,
      0,
      0,
      0,
      0
    ],
    "price": 0,
    "wtypeId": 0
  },
  {
    "id": 60,
    "animationId": 0,
    "description": "",
    "etypeId": 1,
    "traits": [
      {
        "code": 31,
        "dataId": 1,
        "value": 0
      },
      {
        "code": 22,
        "dataId": 0,
        "value": 0
      }
    ],
    "iconIndex": 0,
    "name": "",
    "note": "",
    "params": [
      0,
      0,
      0,
      0,
      0,
      0,
      0,
      0
    ],
    "price": 0,
    "wtypeId": 0
  }
]