{"Scene_Battle":{"Window_BattleStatusUpgrade":{"x":96,"y":436,"opacity":"255","width":"156","height":"180","rows":"1","cols":"1"},"Window_ActorCommand":{"x":0,"y":0,"opacity":"255","width":"816","rows":"1","cols":"4","lineHeight":"36","align":"center"},"Window_BattleStatusUpgrade 2":{"x":252,"y":434,"opacity":"255","width":"156","height":"180","rows":"1","cols":"1"},"Window_BattleSkill":{"x":0,"y":424,"opacity":"255","width":"816","height":"200","cols":"2"},"Window_BattleStatusUpgrade 3":{"x":408,"y":434,"opacity":"255","width":"156","height":"180","rows":"1","cols":"1"},"Window_BattleItem":{"x":0,"y":424,"opacity":"255","width":"816","height":"200","cols":"2"},"Window_BattleStatusUpgrade 4":{"x":564,"y":434,"opacity":"255","width":"156","height":"180","rows":"1","cols":"1"},"Window_Help":{"x":0,"y":0,"opacity":"255","width":"816","height":"108"},"Window_PartyCommand":{"x":309,"y":225,"opacity":"255","width":"200","rows":"2","cols":"1","lineHeight":"36","align":"center"},"Window_Help 2":{"x":0,"y":72,"opacity":"255","width":"350","height":"70"},"Window_BattleEnemy":{"x":192,"y":-124356}},"Scene_Equip":{"Window_Help":{"x":0,"y":142},"Window_SkillStatus":{"x":0,"y":0,"opacity":"255","width":"816","height":"70"},"Window_EquipCommand":{"x":0,"y":70,"opacity":"255","width":"816","rows":"1","cols":"2","lineHeight":"36","align":"center"},"Window_EquipSlot":{"x":0,"y":250,"opacity":"255","width":"408","height":"375","cols":"1"},"Window_StatCompare":{"x":408,"y":250,"opacity":"255","width":"408","height":"375"},"Window_EquipItem":{"x":0,"y":250,"opacity":"255","width":"408","height":"375","cols":"1"}},"Scene_Menu":{"Window_Confirm":{},"Window_MenuStatus":{"x":0,"y":0},"Window_MenuCommand":{"x":178,"y":72},"Window_CommandLabel":{"x":287,"y":0}},"Scene_Skill":{"Window_Help":{"x":0,"y":142,"opacity":"255","width":"816","height":"108"},"Window_SkillType":{"x":0,"y":70,"opacity":"255","width":"816","rows":"1","cols":"2","lineHeight":"36","align":"center"},"Window_SkillStatus":{"x":0,"y":0,"opacity":"255","width":"816","height":"70"},"Window_SkillList":{"x":0,"y":249,"opacity":"255","width":"816","height":"375","cols":"1"},"Window_EquipSlot":{}},"Scene_Item":{"Window_EquipItem":{},"Window_Help":{"x":0,"y":72},"Window_MenuActor":{"x":0,"y":180,"opacity":"255","width":"816","height":"444","rows":"4","cols":"1"},"Window_ItemCategory":{"x":0,"y":180,"opacity":"255","width":"816","rows":"1","cols":"4","lineHeight":"36","align":"center"},"Window_ItemList":{"x":0,"y":252,"opacity":"255","width":"816","height":"372","cols":"2"},"Window_SkillStatus":{}},"Scene_Save":{"Window_Help":{"x":0,"y":0},"Window_SavefileList":{"x":0,"y":108,"opacity":"255","width":"816","height":"256","cols":"1"},"Window_SaveAction":{"x":0,"y":364,"opacity":"255","width":"816","rows":"1","cols":"3","lineHeight":"36","align":"center"},"Window_SaveInfo":{"x":0,"y":436,"opacity":"255","width":"816","height":"190"},"Window_SaveConfirm":{"x":96.5,"y":240}},"Scene_Load":{"Window_Help":{"x":0,"y":0},"Window_SavefileList":{"x":0,"y":108,"opacity":"255","width":"816","height":"255","cols":"1"},"Window_SaveAction":{"x":0,"y":363,"opacity":"255","width":"816","rows":"1","cols":"3","lineHeight":"36","align":"center"},"Window_SaveInfo":{"x":0,"y":435,"opacity":"255","width":"816","height":"190"}},"Scene_Debug":{"Window_DebugRange":{"x":0,"y":0},"Window_DebugEdit":{"x":246,"y":228},"Window_Base":{"x":246,"y":0}},"Scene_Options":{"Window_Help":{"x":0,"y":0,"opacity":"255","width":"816","height":"108"},"Window_Options":{"x":240,"y":108,"opacity":"255","width":"576","rows":"12","cols":"1","lineHeight":"36","align":"center"}}}